names,scores,logfoldchanges,pvals,pvals_adj,pct_nz_group,group,contrast
DPYD,64.83172,1.3897965,0.0,0.0,0.8629051913234219,4/4,APOE4_vs_APOE3_allMicroglia
MSR1,42.73915,1.0002339,0.0,0.0,0.7057031440409457,4/4,APOE4_vs_APOE3_allMicroglia
ACSL1,41.16736,0.8699368,0.0,0.0,0.7827199610041433,4/4,APOE4_vs_APOE3_allMicroglia
PDE4B,40.01896,0.92742455,0.0,0.0,0.7344016573239094,4/4,APOE4_vs_APOE3_allMicroglia
SPP1,38.408726,0.948182,0.0,0.0,0.8095905435047526,4/4,APOE4_vs_APOE3_allMicroglia
AC011586.2,38.09836,2.718554,0.0,0.0,0.24427248354862297,4/4,APOE4_vs_APOE3_allMicroglia
CTSB,38.062714,0.56666934,0.0,0.0,0.8643066049232269,4/4,APOE4_vs_APOE3_allMicroglia
PLCG2,33.86045,0.47975084,2.5469092324693374e-251,4.237246582618646e-248,0.9266999756275895,4/4,APOE4_vs_APOE3_allMicroglia
ZNF292,31.631495,0.51362574,1.3627076221776865e-219,1.7813022028330537e-216,0.7989276139410187,4/4,APOE4_vs_APOE3_allMicroglia
ARHGAP24,30.878284,0.26877853,2.337731430281887e-209,2.9504588993016327e-206,0.9865951742627346,4/4,APOE4_vs_APOE3_allMicroglia
SLC11A1,30.517776,0.72417444,1.5140987798177819e-204,1.7876622400035688e-201,0.7211186936388009,4/4,APOE4_vs_APOE3_allMicroglia
PADI2,30.236582,0.77996665,7.832309098452485e-201,8.958448291014357e-198,0.6322812576163782,4/4,APOE4_vs_APOE3_allMicroglia
PTK2B,28.860739,0.72606117,3.7154157535029437e-183,3.486870051127211e-180,0.5695832317816232,4/4,APOE4_vs_APOE3_allMicroglia
BNIP3L,28.858957,0.75127435,3.911582462546757e-183,3.5791957427918463e-180,0.574396782841823,4/4,APOE4_vs_APOE3_allMicroglia
DIRC3,28.824348,1.2498257,1.0626150386050754e-182,9.486042201947406e-180,0.34688033146478187,4/4,APOE4_vs_APOE3_allMicroglia
KANSL1,28.675129,0.30393943,7.7939635852463e-181,6.792068123419043e-178,0.8890446015110894,4/4,APOE4_vs_APOE3_allMicroglia
MT-ND4,28.541204,0.71606237,3.611706067786066e-179,3.074233809000879e-176,0.7512186205215696,4/4,APOE4_vs_APOE3_allMicroglia
FAM110B,28.338802,0.9801841,1.1501216602876097e-176,9.567182474587909e-174,0.4190226663417012,4/4,APOE4_vs_APOE3_allMicroglia
RBPJ,28.274075,0.5726569,7.201724423769225e-176,5.8575625696528304e-173,0.7356812088715574,4/4,APOE4_vs_APOE3_allMicroglia
CD163,27.984907,0.91958475,2.4803831480551413e-172,1.931585183020558e-169,0.5106019985376554,4/4,APOE4_vs_APOE3_allMicroglia
AC007262.2,27.75319,0.7871841,1.594711004195621e-169,1.2160003638450816e-166,0.5506336826712162,4/4,APOE4_vs_APOE3_allMicroglia
LRRK2,27.431879,0.66738844,1.1430500357684796e-165,8.367354871832425e-163,0.6380087740677552,4/4,APOE4_vs_APOE3_allMicroglia
FAM118A,27.273743,0.9363474,8.691719061388168e-164,6.002369988035252e-161,0.37783329271264926,4/4,APOE4_vs_APOE3_allMicroglia
PGK1,27.13101,0.7923685,4.242236418225392e-162,2.823092638972138e-159,0.47501827930782353,4/4,APOE4_vs_APOE3_allMicroglia
UBXN2B,27.09934,0.71436894,1.0024421312743374e-161,6.436909552065267e-159,0.5553253716792591,4/4,APOE4_vs_APOE3_allMicroglia
SRGN,27.094616,0.7230561,1.1395027594336372e-161,7.190851810005269e-159,0.626919327321472,4/4,APOE4_vs_APOE3_allMicroglia
FOXP1,26.739035,0.4263741,1.6562632024513498e-157,1.0103481578820309e-154,0.8485864001949793,4/4,APOE4_vs_APOE3_allMicroglia
TBC1D8,26.420261,0.74317026,8.017818982041252e-154,4.7332289122853524e-151,0.5387521325859127,4/4,APOE4_vs_APOE3_allMicroglia
IMMP2L,26.303007,0.53446525,1.7716626015315742e-152,9.824942860402597e-150,0.8437119181087009,4/4,APOE4_vs_APOE3_allMicroglia
ARHGAP26,25.870296,0.20712696,1.4383945682627405e-147,7.520954227569223e-145,0.9777601754813551,4/4,APOE4_vs_APOE3_allMicroglia
LINC00278,25.831673,1.1034575,3.9096701975469823e-147,2.0154625197241846e-144,0.3300633682671216,4/4,APOE4_vs_APOE3_allMicroglia
NAMPT,25.440311,1.0648028,9.03650762741266e-143,4.530756379053846e-140,0.3502924689251767,4/4,APOE4_vs_APOE3_allMicroglia
MALAT1,25.292349,0.16100724,3.8775305433469246e-141,1.892286605560544e-138,0.9998781379478431,4/4,APOE4_vs_APOE3_allMicroglia
CPA6,25.108147,1.2847828,4.052188998200552e-139,1.9014637118351077e-136,0.2557884474774555,4/4,APOE4_vs_APOE3_allMicroglia
TBC1D14,24.9291,0.4874464,3.5992315676890855e-137,1.646693432612353e-134,0.7671825493541311,4/4,APOE4_vs_APOE3_allMicroglia
PTPN2,24.923195,0.5228373,4.1708547676398637e-137,1.884659942597366e-134,0.7184377284913478,4/4,APOE4_vs_APOE3_allMicroglia
MT-CO2,24.797617,0.59315956,9.511473725324183e-136,4.245481095373054e-133,0.7839385815257129,4/4,APOE4_vs_APOE3_allMicroglia
UTY,24.778912,0.9254194,1.5134148513301577e-135,6.6737948160885666e-133,0.36650012186205216,4/4,APOE4_vs_APOE3_allMicroglia
HIST1H2AC,24.764397,0.6535384,2.1694576986270655e-135,9.452895384220146e-133,0.5935291250304655,4/4,APOE4_vs_APOE3_allMicroglia
MT-ATP6,24.376373,0.6299317,3.045898053691101e-131,1.2814128122200918e-128,0.7454911040701926,4/4,APOE4_vs_APOE3_allMicroglia
ELL2,24.352407,0.4989562,5.466677410245229e-131,2.2481557291279282e-128,0.7780282719961004,4/4,APOE4_vs_APOE3_allMicroglia
RGS1,24.235903,0.78314954,9.311481146987927e-130,3.7044513202272296e-127,0.5065196197903973,4/4,APOE4_vs_APOE3_allMicroglia
SLC7A5,24.13182,0.9983228,1.158882540886948e-128,4.5123680722343806e-126,0.3102607847916159,4/4,APOE4_vs_APOE3_allMicroglia
PLSCR1,23.924156,0.5442911,1.71719534682542e-126,6.546986134287207e-124,0.6323421886424567,4/4,APOE4_vs_APOE3_allMicroglia
TNFRSF1B,23.742456,0.50900775,1.31470734310104e-124,4.960783862354759e-122,0.6587862539605167,4/4,APOE4_vs_APOE3_allMicroglia
FMNL2,23.669989,0.33102188,7.349112228112119e-124,2.7447434353176704e-121,0.9135998050207166,4/4,APOE4_vs_APOE3_allMicroglia
P4HA1,23.41214,0.52960616,3.214802521028592e-121,1.176649870721675e-118,0.6852912503046551,4/4,APOE4_vs_APOE3_allMicroglia
GRB2,23.381807,0.3430157,6.545348507228739e-121,2.3719435714166243e-118,0.8205581281988789,4/4,APOE4_vs_APOE3_allMicroglia
PRKCB,23.149694,0.4578928,1.4640608382743661e-118,5.152508725161546e-116,0.7737021691445284,4/4,APOE4_vs_APOE3_allMicroglia
SDCBP,23.07264,0.66673183,8.718150131519261e-118,3.0389810758451096e-115,0.49335851815744575,4/4,APOE4_vs_APOE3_allMicroglia
RAD51B,22.918743,0.45620155,3.021690143086464e-116,1.0336157095991371e-113,0.8292712649281014,4/4,APOE4_vs_APOE3_allMicroglia
MT-ND3,22.857641,0.6442719,1.2268048245000165e-115,4.157618831622694e-113,0.7260541067511577,4/4,APOE4_vs_APOE3_allMicroglia
PAX8-AS1,22.798857,0.88409317,4.706370370703155e-115,1.580347357230332e-112,0.31671947355593466,4/4,APOE4_vs_APOE3_allMicroglia
GPD2,22.375803,0.5584904,6.772843123997045e-111,2.2332687493821246e-108,0.599439434560078,4/4,APOE4_vs_APOE3_allMicroglia
SSH2,22.110191,0.16632655,2.5219681051346703e-108,8.168721647436643e-106,0.9744089690470388,4/4,APOE4_vs_APOE3_allMicroglia
BASP1,22.094372,0.6202415,3.580086805552814e-108,1.1494276944740223e-105,0.5163904460151109,4/4,APOE4_vs_APOE3_allMicroglia
ARL17B,21.96428,0.7560023,6.325259903804325e-107,1.9957830839581215e-104,0.3783207409212771,4/4,APOE4_vs_APOE3_allMicroglia
RAB20,21.875761,0.7540378,4.420678647383623e-106,1.371197111634644e-103,0.3819156714599074,4/4,APOE4_vs_APOE3_allMicroglia
RAPGEF1,21.652575,0.32719368,5.747715456307144e-104,1.7386126728619653e-101,0.8387765049963442,4/4,APOE4_vs_APOE3_allMicroglia
MT-CO3,21.306551,0.51555383,9.870583155785334e-101,2.8672477308325318e-98,0.787899098220814,4/4,APOE4_vs_APOE3_allMicroglia
EPSTI1,21.25321,0.5974945,3.078778371725339e-100,8.872942297914893e-98,0.5274798927613941,4/4,APOE4_vs_APOE3_allMicroglia
RNF149,21.200401,0.36733508,9.468738646002947e-100,2.70754143111214e-97,0.7765659273702169,4/4,APOE4_vs_APOE3_allMicroglia
GNA13,21.199074,0.528652,9.739545718178713e-100,2.7633884715585974e-97,0.5813429198147697,4/4,APOE4_vs_APOE3_allMicroglia
HIF1A-AS3,21.194307,0.7865985,1.0777130172583871e-99,3.034259549590325e-97,0.37417743114794055,4/4,APOE4_vs_APOE3_allMicroglia
MAP3K8,21.156502,0.5769558,2.404119393928648e-99,6.717036178410874e-97,0.5285157202047283,4/4,APOE4_vs_APOE3_allMicroglia
PLXNC1,21.001007,0.93222225,6.421057910999257e-98,1.7804328833369986e-95,0.2821106507433585,4/4,APOE4_vs_APOE3_allMicroglia
DARS,20.998653,0.5553212,6.746977230807609e-98,1.8567376964269873e-95,0.5138922739458932,4/4,APOE4_vs_APOE3_allMicroglia
HIF1A,20.68301,0.43940005,4.926769016002801e-95,1.3162384872607191e-92,0.7303802096027298,4/4,APOE4_vs_APOE3_allMicroglia
KCNMA1,20.599634,0.30457443,2.7652925568149097e-94,7.281472868487951e-92,0.9003777723616866,4/4,APOE4_vs_APOE3_allMicroglia
TPRG1,20.522629,0.89582324,1.3520167288795982e-93,3.5346545924087267e-91,0.3004508895929807,4/4,APOE4_vs_APOE3_allMicroglia
ARHGAP18,20.492329,0.572952,2.520417730110739e-93,6.542539669488167e-91,0.5065805508164758,4/4,APOE4_vs_APOE3_allMicroglia
PTPRG,20.149664,0.716232,2.7094261563467935e-90,6.839152189548205e-88,0.4420545941993663,4/4,APOE4_vs_APOE3_allMicroglia
RLF,19.901527,0.44783413,3.947164531303664e-88,9.89521705549626e-86,0.6230197416524494,4/4,APOE4_vs_APOE3_allMicroglia
ETV6,19.866426,0.19799861,7.946078719938179e-88,1.9784654913500493e-85,0.9298683889836705,4/4,APOE4_vs_APOE3_allMicroglia
BCL6,19.70108,0.5980111,2.1106713555395038e-86,5.150178818940092e-84,0.4522910065805508,4/4,APOE4_vs_APOE3_allMicroglia
USP9Y,19.29195,0.7682672,6.276145526418189e-83,1.501393479819818e-80,0.3209237143553497,4/4,APOE4_vs_APOE3_allMicroglia
CCDC144A,19.262655,0.61395234,1.105613984926211e-82,2.6276998352132627e-80,0.4051913234218864,4/4,APOE4_vs_APOE3_allMicroglia
GLUL,19.189985,0.5632632,4.4876874070404504e-82,1.0529092742633815e-79,0.46996100414330977,4/4,APOE4_vs_APOE3_allMicroglia
PRKCE,18.98811,0.43525037,2.138873185986436e-80,4.954740346853769e-78,0.6566536680477699,4/4,APOE4_vs_APOE3_allMicroglia
PTPRC,18.87693,0.17733434,1.7655204971579485e-79,4.064139353237615e-77,0.9069583231781623,4/4,APOE4_vs_APOE3_allMicroglia
TTC7A,18.670937,0.37011945,8.534254492803682e-78,1.9401381906279974e-75,0.6968072142334877,4/4,APOE4_vs_APOE3_allMicroglia
KYNU,18.670496,0.5065288,8.605017258365676e-78,1.9441496090953216e-75,0.5380818912990495,4/4,APOE4_vs_APOE3_allMicroglia
PDK1,18.636135,0.6684198,1.6364658250498375e-77,3.674618752309761e-75,0.34815988301242995,4/4,APOE4_vs_APOE3_allMicroglia
PFKFB3,18.634436,0.41849136,1.6892731324109925e-77,3.7700662145960206e-75,0.6681696319766025,4/4,APOE4_vs_APOE3_allMicroglia
PRKAG2,18.631174,0.3428936,1.7954435317037077e-77,3.9827290123568125e-75,0.7531684133560809,4/4,APOE4_vs_APOE3_allMicroglia
DMXL2,18.60831,0.45654,2.7515721148878748e-77,6.066884998615127e-75,0.5640994394345601,4/4,APOE4_vs_APOE3_allMicroglia
FRMD4B,18.503908,0.32182258,1.9202836350123517e-76,4.183589364588517e-74,0.8134901291737753,4/4,APOE4_vs_APOE3_allMicroglia
PHF21A,18.469683,0.3417133,3.6221151552735833e-76,7.844558390424166e-74,0.7233122105776262,4/4,APOE4_vs_APOE3_allMicroglia
EPB41L3,18.45788,0.32622397,4.5068598128162726e-76,9.703269176993434e-74,0.7552400682427493,4/4,APOE4_vs_APOE3_allMicroglia
CEMIP2,18.336267,0.78989714,4.250011976192337e-75,9.043877229105566e-73,0.29076285644650257,4/4,APOE4_vs_APOE3_allMicroglia
YEATS2,18.266096,0.5076082,1.540892511299587e-74,3.26001195410845e-72,0.4747136241774311,4/4,APOE4_vs_APOE3_allMicroglia
SRGAP2B,18.125418,0.22545688,2.0081135244918653e-73,4.176077449427657e-71,0.8722276383134292,4/4,APOE4_vs_APOE3_allMicroglia
MFSD1,18.106298,0.41893744,2.842290259902143e-73,5.877438745914031e-71,0.591944918352425,4/4,APOE4_vs_APOE3_allMicroglia
EGLN1,18.046902,0.51401675,8.34412744653703e-73,1.7157494869140552e-70,0.4716061418474287,4/4,APOE4_vs_APOE3_allMicroglia
ALCAM,18.035542,0.48027915,1.0248649376367477e-72,2.0955911498571284e-70,0.6073604679502803,4/4,APOE4_vs_APOE3_allMicroglia
DDX60L,17.983818,0.51373345,2.6088986941892394e-72,5.2466099508802386e-70,0.4702656592737022,4/4,APOE4_vs_APOE3_allMicroglia
MT-CO1,17.788671,0.41871047,8.650529947359499e-71,1.7114489005584055e-68,0.7275773824031196,4/4,APOE4_vs_APOE3_allMicroglia
RNF144B,17.656448,0.48898086,9.077541944881604e-70,1.786274799594686e-67,0.5396051669510115,4/4,APOE4_vs_APOE3_allMicroglia
CELF2,17.49703,0.12174723,1.5093639745192637e-68,2.938522916562743e-66,0.9826955885937119,4/4,APOE4_vs_APOE3_allMicroglia
KDM3A,17.432976,0.55112463,4.636840150762955e-68,8.93226243989868e-66,0.40640994394345603,4/4,APOE4_vs_APOE3_allMicroglia
SAMSN1,17.422495,0.4029896,5.569429611100784e-68,1.0672601738005224e-65,0.6990616621983914,4/4,APOE4_vs_APOE3_allMicroglia
CPVL,17.414543,0.38856462,6.399823807237059e-68,1.2199997456702271e-65,0.643309773336583,4/4,APOE4_vs_APOE3_allMicroglia
GPNMB,17.221066,0.893904,1.8455690167604842e-66,3.446411815431147e-64,0.23689982939312698,4/4,APOE4_vs_APOE3_allMicroglia
USP15,17.152096,0.21422993,6.062518980446289e-66,1.1263667878340844e-63,0.8551060199853766,4/4,APOE4_vs_APOE3_allMicroglia
PLA2G7,17.066328,0.6385919,2.6431067623949314e-65,4.885876293455398e-63,0.3330489885449671,4/4,APOE4_vs_APOE3_allMicroglia
DOCK5,17.034159,0.36769015,4.582792674613262e-65,8.386739734176e-63,0.6698757007067999,4/4,APOE4_vs_APOE3_allMicroglia
PPARD,16.988918,0.38542247,9.920213016984565e-65,1.7974738447260002e-62,0.6414818425542286,4/4,APOE4_vs_APOE3_allMicroglia
ERO1A,16.917122,0.64964604,3.364809921031149e-64,6.037029799983387e-62,0.31775530099926885,4/4,APOE4_vs_APOE3_allMicroglia
IQGAP2,16.91061,0.6832856,3.7579760438555726e-64,6.709545423471112e-62,0.32299536924201805,4/4,APOE4_vs_APOE3_allMicroglia
SH3PXD2B,16.893503,0.62134016,5.022990438777865e-64,8.924586070374207e-62,0.340665366804777,4/4,APOE4_vs_APOE3_allMicroglia
PCSK5,16.879023,0.6114186,6.419860371875453e-64,1.1351367607295336e-61,0.35279064099439433,4/4,APOE4_vs_APOE3_allMicroglia
TCF4,16.874992,0.25080442,6.873375401027515e-64,1.209482755062539e-61,0.8513892273945893,4/4,APOE4_vs_APOE3_allMicroglia
RTN1,16.825369,0.5694409,1.590664685639271e-63,2.7723770551944265e-61,0.38465756763343895,4/4,APOE4_vs_APOE3_allMicroglia
ALOX15B,16.718317,0.8553847,9.640193878509641e-63,1.6487884866697725e-60,0.22288569339507677,4/4,APOE4_vs_APOE3_allMicroglia
ANK2,16.692492,0.3592093,1.4863713724810492e-62,2.530357144380413e-60,0.6846210090177919,4/4,APOE4_vs_APOE3_allMicroglia
FNDC3B,16.67971,0.33326885,1.8410939276077394e-62,3.119716613165318e-60,0.7266634170119425,4/4,APOE4_vs_APOE3_allMicroglia
AL592183.1,16.566393,0.6588788,1.219225490944384e-61,2.047012485965844e-59,0.2896660979770899,4/4,APOE4_vs_APOE3_allMicroglia
CTNNB1,16.525063,0.384377,2.421886747039488e-61,4.029248946745104e-59,0.6018766756032171,4/4,APOE4_vs_APOE3_allMicroglia
MT-ND2,16.507772,0.4391902,3.225758269868216e-61,5.318287316912008e-59,0.6280160857908847,4/4,APOE4_vs_APOE3_allMicroglia
CALM2,16.500866,0.3866567,3.616703472146661e-61,5.936097030674437e-59,0.5957835729953692,4/4,APOE4_vs_APOE3_allMicroglia
TMEM51,16.425997,0.48988715,1.2461885741920932e-60,2.027188800177991e-58,0.4540580063368267,4/4,APOE4_vs_APOE3_allMicroglia
MAP3K20,16.298433,0.73394936,1.0125511716119245e-59,1.6254555014108793e-57,0.25274189617353154,4/4,APOE4_vs_APOE3_allMicroglia
ZNF654,16.293943,0.45408005,1.0897054439211374e-59,1.7416728800418142e-57,0.4769071411162564,4/4,APOE4_vs_APOE3_allMicroglia
THEMIS2,16.179785,0.5756359,7.003899972617018e-59,1.0955117217852798e-56,0.3383499878137948,4/4,APOE4_vs_APOE3_allMicroglia
MT-CYB,16.071846,0.42069864,4.01930280794656e-58,6.20719418032287e-56,0.681330733609554,4/4,APOE4_vs_APOE3_allMicroglia
STAT3,16.059383,0.34486243,4.91409653230863e-58,7.557178452900343e-56,0.6796855959054351,4/4,APOE4_vs_APOE3_allMicroglia
GBE1,16.0163,0.49565697,9.833084377964176e-58,1.4933639888708166e-55,0.4716061418474287,4/4,APOE4_vs_APOE3_allMicroglia
GK,15.817571,0.56274104,2.354013563787408e-56,3.5024085548041836e-54,0.36333170850597124,4/4,APOE4_vs_APOE3_allMicroglia
ASAP1,15.810599,0.3619732,2.6295425203379856e-56,3.896513594610956e-54,0.6494638069705094,4/4,APOE4_vs_APOE3_allMicroglia
ENO1,15.783354,0.55685484,4.050796716658942e-56,5.95434580829052e-54,0.3431026078479162,4/4,APOE4_vs_APOE3_allMicroglia
SLC2A3,15.669349,0.5839873,2.450778748328365e-55,3.545492212156778e-53,0.33140385084084817,4/4,APOE4_vs_APOE3_allMicroglia
MT-ND4L,15.622262,0.59976596,5.13508612245692e-55,7.399578234962431e-53,0.3183646112600536,4/4,APOE4_vs_APOE3_allMicroglia
PJA2,15.539006,0.36761132,1.8888932898109028e-54,2.6635000585951668e-52,0.5706190592249574,4/4,APOE4_vs_APOE3_allMicroglia
IL10RA,15.538899,0.3969912,1.8920521713470763e-54,2.6635000585951668e-52,0.5148671703631489,4/4,APOE4_vs_APOE3_allMicroglia
VPS13B,15.384722,0.20029883,2.0726511858815508e-53,2.809670594609283e-51,0.8439556422130149,4/4,APOE4_vs_APOE3_allMicroglia
CERT1,15.2822,0.34258544,1.0049065676741753e-52,1.3423571271329376e-50,0.6185717767487204,4/4,APOE4_vs_APOE3_allMicroglia
REL,15.229162,0.3353734,2.2647598961572785e-52,2.9925081934748214e-50,0.6094321228369486,4/4,APOE4_vs_APOE3_allMicroglia
TANC2,15.144988,0.24555433,8.17697257912001e-52,1.076566091253135e-49,0.8440775042651718,4/4,APOE4_vs_APOE3_allMicroglia
DENND3,15.110105,0.18067978,1.389195277540635e-51,1.822434994740673e-49,0.8606507433585182,4/4,APOE4_vs_APOE3_allMicroglia
LGMN,15.102814,0.616894,1.551690635346987e-51,2.028336748011967e-49,0.28899585669022665,4/4,APOE4_vs_APOE3_allMicroglia
GAS7,15.000615,0.40550774,7.274236266285629e-51,9.407926557679164e-49,0.5577626127223982,4/4,APOE4_vs_APOE3_allMicroglia
FAM49A,14.99417,0.37052363,8.015772680560938e-51,1.033046816483137e-48,0.5553863027053375,4/4,APOE4_vs_APOE3_allMicroglia
RIN3,14.986319,0.21524045,9.021742149674229e-51,1.1545621832875051e-48,0.8487082622471362,4/4,APOE4_vs_APOE3_allMicroglia
ERC2,14.963651,0.35496715,1.26870924117717e-50,1.6179800326245855e-48,0.5970021935169388,4/4,APOE4_vs_APOE3_allMicroglia
PLAUR,14.952932,0.71482986,1.490387784204916e-50,1.8940862253362545e-48,0.23951986351450158,4/4,APOE4_vs_APOE3_allMicroglia
PPP1CB,14.917193,0.3915963,2.5476547423458413e-50,3.226529800159174e-48,0.5171825493541311,4/4,APOE4_vs_APOE3_allMicroglia
MBP,14.895155,0.26713952,3.543633703673639e-50,4.441799218772563e-48,0.7524981720692177,4/4,APOE4_vs_APOE3_allMicroglia
IRS2,14.883976,0.3712578,4.1885099302587452e-50,5.23220655144711e-48,0.5660492322690714,4/4,APOE4_vs_APOE3_allMicroglia
MARCH1,14.868895,0.17039447,5.247236655512432e-50,6.532452681238453e-48,0.8690592249573483,4/4,APOE4_vs_APOE3_allMicroglia
C22orf34,14.746423,0.4244817,3.244118257760121e-49,4.0114179848742636e-47,0.4827565196197904,4/4,APOE4_vs_APOE3_allMicroglia
RAB27A,14.722615,0.56026417,4.614632125728048e-49,5.667790283012493e-47,0.3176334389471119,4/4,APOE4_vs_APOE3_allMicroglia
NSMAF,14.712366,0.40059528,5.369667819014776e-49,6.573084008152503e-47,0.5022544479649037,4/4,APOE4_vs_APOE3_allMicroglia
AC078883.1,14.495774,0.7267852,1.2884044772141448e-47,1.541074910801141e-45,0.2219107969778211,4/4,APOE4_vs_APOE3_allMicroglia
HAMP,14.495198,0.5606734,1.2992685924869768e-47,1.5490074838311346e-45,0.31586643919083596,4/4,APOE4_vs_APOE3_allMicroglia
LDHA,14.4655695,0.62230265,1.999444663693634e-47,2.3760283810341133e-45,0.25920058493785036,4/4,APOE4_vs_APOE3_allMicroglia
TET2,14.4299135,0.25686398,3.3550176092954667e-47,3.974012929379397e-45,0.7375091396539117,4/4,APOE4_vs_APOE3_allMicroglia
IRAK3,14.369395,0.25038585,8.053181872457346e-47,9.508209990768107e-45,0.7191689008042895,4/4,APOE4_vs_APOE3_allMicroglia
BCAT1,14.31958,0.43263054,1.6511893611286686e-46,1.9308364794463385e-44,0.44333414574701435,4/4,APOE4_vs_APOE3_allMicroglia
PKM,14.318007,0.42452648,1.6889642594671289e-46,1.9687191356928783e-44,0.4236534243236656,4/4,APOE4_vs_APOE3_allMicroglia
PAPOLG,14.233803,0.48291442,5.652275820069483e-46,6.526149756793789e-44,0.3726541554959786,4/4,APOE4_vs_APOE3_allMicroglia
ANKRD12,14.218083,0.24642079,7.076427944691492e-46,8.144790540995387e-44,0.750243724104314,4/4,APOE4_vs_APOE3_allMicroglia
QKI,14.1769495,0.09937316,1.2725908418531876e-45,1.4601284452247187e-43,0.9747745552035096,4/4,APOE4_vs_APOE3_allMicroglia
WSB1,14.176311,0.22100434,1.2842356453778836e-45,1.4688846517648727e-43,0.7620643431635389,4/4,APOE4_vs_APOE3_allMicroglia
STARD13,14.175392,0.3963576,1.3011409366340104e-45,1.4835844056617264e-43,0.5924932975871313,4/4,APOE4_vs_APOE3_allMicroglia
FHIT,14.12621,0.23902327,2.6186155711283786e-45,2.967304907704947e-43,0.9073848403607117,4/4,APOE4_vs_APOE3_allMicroglia
XKR6,14.046207,0.34836867,8.127164019363705e-45,9.124611358059232e-43,0.6029734340726298,4/4,APOE4_vs_APOE3_allMicroglia
MYO10,14.023457,0.69317067,1.1202316945025321e-44,1.2538715672931858e-42,0.22818669266390446,4/4,APOE4_vs_APOE3_allMicroglia
CALM1,13.9999275,0.38012898,1.560289591015493e-44,1.7358103137008528e-42,0.49555203509627105,4/4,APOE4_vs_APOE3_allMicroglia
OSBPL8,13.943713,0.31272617,3.435900573105153e-44,3.7539521455588565e-42,0.6296002924689251,4/4,APOE4_vs_APOE3_allMicroglia
CD163L1,13.917988,0.49474508,4.925773503200565e-44,5.3657213092453527e-42,0.3521813307336096,4/4,APOE4_vs_APOE3_allMicroglia
CD55,13.881031,0.66611874,8.254777687181617e-44,8.965374425179061e-42,0.23568120887155738,4/4,APOE4_vs_APOE3_allMicroglia
ZNF804A,13.8119545,0.48213732,2.1589428145639814e-43,2.324101939878126e-41,0.39446746283207407,4/4,APOE4_vs_APOE3_allMicroglia
CHST15,13.739909,0.33239767,5.854895445187173e-43,6.247668460329322e-41,0.5982208140385085,4/4,APOE4_vs_APOE3_allMicroglia
DNAJC15,13.735517,0.4683922,6.221108188040757e-43,6.619150604374412e-41,0.3495003655861565,4/4,APOE4_vs_APOE3_allMicroglia
FAM13A,13.639559,0.21645315,2.3296478458846795e-42,2.4572749512168632e-40,0.7671825493541311,4/4,APOE4_vs_APOE3_allMicroglia
AKAP10,13.619638,0.26233518,3.0608115628079415e-42,3.219217356618778e-40,0.66786497684621,4/4,APOE4_vs_APOE3_allMicroglia
CAST,13.615745,0.3191832,3.228378994953709e-42,3.3857277820716536e-40,0.5945040214477212,4/4,APOE4_vs_APOE3_allMicroglia
EXOC4,13.589325,0.18489686,4.633345410328103e-42,4.79053885207398e-40,0.8638191567145991,4/4,APOE4_vs_APOE3_allMicroglia
FMN1,13.58046,0.17676365,5.22972375716098e-42,5.391918851714057e-40,0.8960516695101145,4/4,APOE4_vs_APOE3_allMicroglia
RNASET2,13.539057,0.11369185,9.196254279996383e-42,9.444406604568354e-40,0.9022666341701194,4/4,APOE4_vs_APOE3_allMicroglia
DPYD-AS1,13.523877,0.64895856,1.1305737525937527e-41,1.1526498584591627e-39,0.2269071411162564,4/4,APOE4_vs_APOE3_allMicroglia
CEBPD,13.485436,0.37282544,1.9053492301651747e-41,1.937157977035432e-39,0.5229709968315867,4/4,APOE4_vs_APOE3_allMicroglia
BNC2,13.469704,0.27299753,2.3580930956235296e-41,2.3776464295569366e-39,0.7942359249329759,4/4,APOE4_vs_APOE3_allMicroglia
JARID2,13.444938,0.3153749,3.29684747417913e-41,3.3059702576008314e-39,0.6203997075310749,4/4,APOE4_vs_APOE3_allMicroglia
ADGRE2,13.406021,0.44738108,5.575030488852112e-41,5.559991578269105e-39,0.36394101876675605,4/4,APOE4_vs_APOE3_allMicroglia
KDM4C,13.337469,0.22366855,1.401376403694493e-40,1.393798308467993e-38,0.7571289300511821,4/4,APOE4_vs_APOE3_allMicroglia
SLC2A9,13.252925,0.3654401,4.339532742147433e-40,4.281165441922862e-38,0.5029856202778454,4/4,APOE4_vs_APOE3_allMicroglia
CSGALNACT2,13.180334,0.5383126,1.1388487628355287e-39,1.1175067980842678e-37,0.27595661710943215,4/4,APOE4_vs_APOE3_allMicroglia
MT-ND1,13.083198,0.34259793,4.107911930720186e-39,3.956675909902356e-37,0.6003533999512551,4/4,APOE4_vs_APOE3_allMicroglia
UBA6-AS1,12.948,0.51220864,2.411549668271717e-38,2.2866613836376453e-36,0.3112356812088716,4/4,APOE4_vs_APOE3_allMicroglia
LEPR,12.945627,0.509116,2.4872469773691534e-38,2.352344357072051e-36,0.302644406531806,4/4,APOE4_vs_APOE3_allMicroglia
FARP1,12.871981,0.35853502,6.472094346458292e-38,6.042987887110203e-36,0.5000609310260785,4/4,APOE4_vs_APOE3_allMicroglia
LY96,12.8713255,0.40499008,6.527227796610519e-38,6.0547322720412e-36,0.40013404825737264,4/4,APOE4_vs_APOE3_allMicroglia
YWHAZ,12.871242,0.34143934,6.534300285391858e-38,6.0547322720412e-36,0.5048135510601999,4/4,APOE4_vs_APOE3_allMicroglia
C5orf17,12.856477,1.1377054,7.910100374343401e-38,7.311050095993506e-36,0.1257007067999025,4/4,APOE4_vs_APOE3_allMicroglia
MALT1,12.841937,0.4167397,9.545522355092906e-38,8.77828300800893e-36,0.40799415062149647,4/4,APOE4_vs_APOE3_allMicroglia
MITF,12.820232,0.3400479,1.2632095503692777e-37,1.1558683188266483e-35,0.5700706799902511,4/4,APOE4_vs_APOE3_allMicroglia
MBD5,12.814937,0.22112392,1.3524930863737952e-37,1.2344787893857177e-35,0.8048988544967097,4/4,APOE4_vs_APOE3_allMicroglia
IQGAP1,12.779714,0.40463609,2.1285216303073217e-37,1.9236054368118095e-35,0.394711186936388,4/4,APOE4_vs_APOE3_allMicroglia
C5AR1,12.749592,0.62184584,3.1337993049283384e-37,2.825127792110397e-35,0.22989276139410186,4/4,APOE4_vs_APOE3_allMicroglia
MT-ND5,12.696745,0.38873383,6.16403339194944e-37,5.475965683950036e-35,0.43754569826955886,4/4,APOE4_vs_APOE3_allMicroglia
FLT1,12.692421,0.71482235,6.514057965721847e-37,5.772906431074705e-35,0.19875700706799904,4/4,APOE4_vs_APOE3_allMicroglia
DUSP1,12.692076,0.56222016,6.5428130890089625e-37,5.784384103159832e-35,0.24512551791372167,4/4,APOE4_vs_APOE3_allMicroglia
PDXK,12.676337,0.36374676,7.998327682491164e-37,7.037182488145651e-35,0.4424201803558372,4/4,APOE4_vs_APOE3_allMicroglia
PIAS1,12.655776,0.12708838,1.0394359652647247e-36,9.123356298478224e-35,0.8586400194979283,4/4,APOE4_vs_APOE3_allMicroglia
LILRB3,12.606313,0.78639185,1.949008946722644e-36,1.6944341201661638e-34,0.1675603217158177,4/4,APOE4_vs_APOE3_allMicroglia
FAM162A,12.595834,0.72660375,2.2259597518765893e-36,1.9306244757922995e-34,0.194430904216427,4/4,APOE4_vs_APOE3_allMicroglia
CHSY1,12.399878,0.29407597,2.617227714268578e-35,2.2329405960359957e-33,0.6102242261759688,4/4,APOE4_vs_APOE3_allMicroglia
IL15,12.351934,0.47880054,4.7554328529095404e-35,4.03836653942789e-33,0.3011820619059225,4/4,APOE4_vs_APOE3_allMicroglia
PDE8A,12.277699,0.2958867,1.1934324802381548e-34,9.97279045872071e-33,0.6085790884718498,4/4,APOE4_vs_APOE3_allMicroglia
SPON1,12.24131,0.8062633,1.8698863989207059e-34,1.5519209089999264e-32,0.17682183767974652,4/4,APOE4_vs_APOE3_allMicroglia
HK2,12.240908,0.39366728,1.879194895451973e-34,1.55611792688773e-32,0.3883134291981477,4/4,APOE4_vs_APOE3_allMicroglia
FYB1,12.238215,0.084599994,1.942568741517736e-34,1.6049652033474187e-32,0.9109797708993419,4/4,APOE4_vs_APOE3_allMicroglia
ARAP2,12.206296,0.31053197,2.876915087650532e-34,2.360941011728635e-32,0.5346088228125762,4/4,APOE4_vs_APOE3_allMicroglia
HDAC4,12.167214,0.22431876,4.646728130868047e-34,3.78785960618934e-32,0.7172800389958567,4/4,APOE4_vs_APOE3_allMicroglia
SUSD6,12.094867,0.15825477,1.1242473427758224e-33,9.103667476313689e-32,0.8133682671216184,4/4,APOE4_vs_APOE3_allMicroglia
DENND5A,12.092154,0.25515768,1.1620071300566921e-33,9.38865849165673e-32,0.627163051425786,4/4,APOE4_vs_APOE3_allMicroglia
MAFB,12.086097,0.44417736,1.250903655407696e-33,1.0084653015765876e-31,0.3277479892761394,4/4,APOE4_vs_APOE3_allMicroglia
RNF13,12.064357,0.1886211,1.629297299151138e-33,1.3048995721275885e-31,0.770472824762369,4/4,APOE4_vs_APOE3_allMicroglia
HSP90AA1,12.015428,0.30366078,2.948391640302462e-33,2.3307577197993613e-31,0.6254569826955886,4/4,APOE4_vs_APOE3_allMicroglia
CYTH1,12.014384,0.25284338,2.985864578688232e-33,2.3552937380294825e-31,0.6539117718742383,4/4,APOE4_vs_APOE3_allMicroglia
DDX3Y,11.998963,0.9228062,3.597745024748072e-33,2.8318508742108427e-31,0.14020229100658055,4/4,APOE4_vs_APOE3_allMicroglia
GALNT10,11.967405,0.27951857,5.26491959008929e-33,4.135221500361762e-31,0.6082744333414575,4/4,APOE4_vs_APOE3_allMicroglia
DDIT4,11.937723,0.45466107,7.52549236530052e-33,5.885481753469323e-31,0.29600292468925177,4/4,APOE4_vs_APOE3_allMicroglia
SBF2,11.927058,0.13163923,8.554297816782203e-33,6.6758177908751685e-31,0.8607726054106751,4/4,APOE4_vs_APOE3_allMicroglia
COP1,11.915129,0.12966742,9.871374146609998e-33,7.687280109363245e-31,0.8339020229100658,4/4,APOE4_vs_APOE3_allMicroglia
NFKB1,11.892636,0.32991156,1.2926147707725607e-32,1.0044796863067197e-30,0.4891542773580307,4/4,APOE4_vs_APOE3_allMicroglia
FBXO42,11.835468,0.29229087,2.5590984657879986e-32,1.9677639274434147e-30,0.54527175237631,4/4,APOE4_vs_APOE3_allMicroglia
RAB31,11.829391,0.16870116,2.7513221914088354e-32,2.1067184838442424e-30,0.7902754082378747,4/4,APOE4_vs_APOE3_allMicroglia
SAP30,11.800596,0.5499592,3.875543523222169e-32,2.9551826769469707e-30,0.23220814038508408,4/4,APOE4_vs_APOE3_allMicroglia
APIP,11.793059,0.5287001,4.238570359726082e-32,3.2252788718572624e-30,0.23854496709724593,4/4,APOE4_vs_APOE3_allMicroglia
IFNAR2,11.766598,0.30792883,5.801756154616625e-32,4.396481925778946e-30,0.5188886180843285,4/4,APOE4_vs_APOE3_allMicroglia
ZEB2,11.739746,0.12136913,7.972562278665093e-32,6.0165722053901254e-30,0.9268218376797466,4/4,APOE4_vs_APOE3_allMicroglia
MYO5A,11.641138,0.25003114,2.5459618654842734e-31,1.8863309764896738e-29,0.6752376310017061,4/4,APOE4_vs_APOE3_allMicroglia
GPR155,11.618405,0.34009278,3.3228052817544556e-31,2.4421284360942737e-29,0.4365098708262247,4/4,APOE4_vs_APOE3_allMicroglia
UGCG,11.602119,0.27666858,4.0199598041029515e-31,2.94858815210365e-29,0.5901779185961492,4/4,APOE4_vs_APOE3_allMicroglia
PTPN1,11.567175,0.36500353,6.043997295119606e-31,4.397939264387131e-29,0.39465025591030956,4/4,APOE4_vs_APOE3_allMicroglia
VWA8,11.564382,0.35569927,6.243921952537869e-31,4.5344005433499704e-29,0.4123202534730685,4/4,APOE4_vs_APOE3_allMicroglia
GPR183,11.555133,0.5252186,6.9539880141000814e-31,5.0300971403967807e-29,0.25219351693882525,4/4,APOE4_vs_APOE3_allMicroglia
FNDC3A,11.544396,0.21861105,7.879253211422729e-31,5.685204708035767e-29,0.7233731416037046,4/4,APOE4_vs_APOE3_allMicroglia
STX6,11.474152,0.3056788,1.7791364182688313e-30,1.261980078392587e-28,0.49025103582744334,4/4,APOE4_vs_APOE3_allMicroglia
ELF1,11.465019,0.20071281,1.977159434791032e-30,1.3997294482163744e-28,0.7591396539117719,4/4,APOE4_vs_APOE3_allMicroglia
P2RY8,11.451974,0.9122217,2.298519078582644e-30,1.6240945327259334e-28,0.1341701194248111,4/4,APOE4_vs_APOE3_allMicroglia
ASAH1,11.447612,0.2749858,2.4171256043873822e-30,1.7046091376913792e-28,0.5873750913965391,4/4,APOE4_vs_APOE3_allMicroglia
EYA2,11.430091,0.8852436,2.9579965123868542e-30,2.0820313528821395e-28,0.14434560077991712,4/4,APOE4_vs_APOE3_allMicroglia
RBMS3,11.41495,0.43893862,3.521065261935189e-30,2.473599033629364e-28,0.31787716305142577,4/4,APOE4_vs_APOE3_allMicroglia
RBM47,11.38516,0.14800076,4.957673086622271e-30,3.4695180237755593e-28,0.8682671216183281,4/4,APOE4_vs_APOE3_allMicroglia
ARID5B,11.3705,0.35897556,5.865111749439575e-30,4.0967357851381275e-28,0.42121618328052646,4/4,APOE4_vs_APOE3_allMicroglia
OGA,11.288855,0.25768563,1.4896482867453864e-29,1.0248612207362385e-27,0.5756763343894711,4/4,APOE4_vs_APOE3_allMicroglia
MS4A4A,11.284137,0.36375257,1.5717733826177946e-29,1.0793335380336567e-27,0.39915915184011697,4/4,APOE4_vs_APOE3_allMicroglia
NEAT1,11.2689705,0.08807343,1.8674063881481382e-29,1.2775503030394394e-27,0.9929929320009749,4/4,APOE4_vs_APOE3_allMicroglia
CMTM7,11.227725,0.25505248,2.9805243693894263e-29,2.020188378593007e-27,0.5995612966122349,4/4,APOE4_vs_APOE3_allMicroglia
ZNF438,11.216202,0.33189437,3.395424179737176e-29,2.2971519482913196e-27,0.45162076529368755,4/4,APOE4_vs_APOE3_allMicroglia
SH3BP5,11.196727,0.891735,4.2307692539602525e-29,2.8517566383830424e-27,0.1414818425542286,4/4,APOE4_vs_APOE3_allMicroglia
BABAM2,11.124377,0.2042326,9.547043149715761e-29,6.364869331926167e-27,0.7529856202778454,4/4,APOE4_vs_APOE3_allMicroglia
PRH1,11.08259,0.48560858,1.5239919274852646e-28,1.006852500683902e-26,0.25347306848647333,4/4,APOE4_vs_APOE3_allMicroglia
ITSN1,11.012326,0.34658277,3.3328624518823824e-28,2.1861307993072955e-26,0.41567145990738485,4/4,APOE4_vs_APOE3_allMicroglia
CCDC26,10.997,0.4112384,3.9505736788045774e-28,2.586671685472743e-26,0.424079941506215,4/4,APOE4_vs_APOE3_allMicroglia
FAM210A,10.992,0.55436295,4.175699559491101e-28,2.724327621692224e-26,0.21721910796977822,4/4,APOE4_vs_APOE3_allMicroglia
SLC16A3,10.98792,0.43889382,4.368785833078626e-28,2.8452300760944983e-26,0.27760175481355104,4/4,APOE4_vs_APOE3_allMicroglia
RASGEF1B,10.949708,0.4686659,6.666210289978784e-28,4.303173947504647e-26,0.2674872044845235,4/4,APOE4_vs_APOE3_allMicroglia
FAM20A,10.892815,0.5196596,1.2472538317542842e-27,7.980898163643105e-26,0.21770655617840604,4/4,APOE4_vs_APOE3_allMicroglia
SYTL3,10.856893,0.3943176,1.8493474458188156e-27,1.1751382962571955e-25,0.3865464294418718,4/4,APOE4_vs_APOE3_allMicroglia
FGD4,10.8453455,0.08874888,2.0984058196272812e-27,1.3310875459996206e-25,0.9266999756275895,4/4,APOE4_vs_APOE3_allMicroglia
HCLS1,10.815064,0.18013284,2.920882747406096e-27,1.8432280937553538e-25,0.7390324153058737,4/4,APOE4_vs_APOE3_allMicroglia
TTTY14,10.797894,0.50504524,3.5219133137859494e-27,2.2072868013335536e-25,0.25335120643431636,4/4,APOE4_vs_APOE3_allMicroglia
PRDM1,10.795648,0.49985382,3.60909493741688e-27,2.258059552211884e-25,0.24750182793078235,4/4,APOE4_vs_APOE3_allMicroglia
INPP4A,10.788502,0.21875718,3.9009612560192314e-27,2.436503121698974e-25,0.6509870826224714,4/4,APOE4_vs_APOE3_allMicroglia
ACER3,10.777353,0.25547856,4.403726769543644e-27,2.7411701274161035e-25,0.6476968072142335,4/4,APOE4_vs_APOE3_allMicroglia
SKIL,10.689823,0.24811126,1.1358739996696732e-26,7.022656125322586e-25,0.565866439190836,4/4,APOE4_vs_APOE3_allMicroglia
ARID1B,10.617695,0.12212371,2.4657419275756662e-26,1.5066547627912682e-24,0.8914209115281502,4/4,APOE4_vs_APOE3_allMicroglia
GNAQ,10.572032,0.06302997,4.016973444719672e-26,2.4382296028223005e-24,0.9595417986838899,4/4,APOE4_vs_APOE3_allMicroglia
CCNY,10.569885,0.15515284,4.109986743903764e-26,2.490556702212279e-24,0.8193395076773092,4/4,APOE4_vs_APOE3_allMicroglia
RNMT,10.566933,0.35765612,4.241405996421574e-26,2.565945469008695e-24,0.35918839873263464,4/4,APOE4_vs_APOE3_allMicroglia
TNFAIP8,10.559299,0.35475165,4.6008391521466304e-26,2.7788005578831488e-24,0.3792956373385328,4/4,APOE4_vs_APOE3_allMicroglia
PTP4A2,10.551709,0.31394526,4.9881309898633194e-26,3.007752592421538e-24,0.40982208140385085,4/4,APOE4_vs_APOE3_allMicroglia
XPO1,10.545201,0.23106357,5.345832744287705e-26,3.218138557132801e-24,0.6650621496466,4/4,APOE4_vs_APOE3_allMicroglia
ERGIC1,10.51842,0.28712356,7.105521870253105e-26,4.270430311545713e-24,0.4749573482817451,4/4,APOE4_vs_APOE3_allMicroglia
RSRC1,10.504282,0.22538479,8.254822612529803e-26,4.953028892478743e-24,0.6572629783085547,4/4,APOE4_vs_APOE3_allMicroglia
SNCA,10.50121,0.28269884,8.527942612975708e-26,5.100183457149083e-24,0.5940775042651718,4/4,APOE4_vs_APOE3_allMicroglia
JAZF1,10.459957,0.06291059,1.3191590181082072e-25,7.85081938565504e-24,0.890385084084816,4/4,APOE4_vs_APOE3_allMicroglia
RASA2,10.436291,0.24033874,1.6929646899650255e-25,1.002656967919254e-23,0.6104679502802827,4/4,APOE4_vs_APOE3_allMicroglia
MPHOSPH6,10.429206,0.5020663,1.8240619677821103e-25,1.0785539916444752e-23,0.22282476236899829,4/4,APOE4_vs_APOE3_allMicroglia
TBCK,10.419087,0.22479582,2.0289002712796594e-25,1.195809642980786e-23,0.6578722885693395,4/4,APOE4_vs_APOE3_allMicroglia
ARRDC3,10.386718,0.640749,2.849907619720863e-25,1.6743092903596035e-23,0.1719473555934682,4/4,APOE4_vs_APOE3_allMicroglia
C8orf37-AS1,10.379979,0.63464314,3.058418237158792e-25,1.791058654371983e-23,0.17743114794053133,4/4,APOE4_vs_APOE3_allMicroglia
SCIN,10.335833,0.24745655,4.851787434798854e-25,2.827711336004345e-23,0.6641481842554229,4/4,APOE4_vs_APOE3_allMicroglia
VAPA,10.327922,0.25021234,5.2689819056233325e-25,3.065977849407306e-23,0.545393614428467,4/4,APOE4_vs_APOE3_allMicroglia
RBMS1,10.245314,0.23016633,1.2422193829578584e-24,7.160074273329224e-23,0.6227760175481355,4/4,APOE4_vs_APOE3_allMicroglia
MT-ATP8,10.239672,0.4016459,1.3168182279080275e-24,7.578123264097755e-23,0.2912503046551304,4/4,APOE4_vs_APOE3_allMicroglia
PPARG,10.217228,0.36587602,1.660202632674872e-24,9.524306670616458e-23,0.3520594686814526,4/4,APOE4_vs_APOE3_allMicroglia
CREM,10.158413,0.39150965,3.039852862594948e-24,1.7303523269648165e-22,0.31799902510358274,4/4,APOE4_vs_APOE3_allMicroglia
TRERF1,10.139957,0.33951423,3.672589059332866e-24,2.080811643353595e-22,0.3713746039483305,4/4,APOE4_vs_APOE3_allMicroglia
ELL,10.09615,0.3437083,5.745325727229729e-24,3.2388142905382474e-22,0.34462588349987816,4/4,APOE4_vs_APOE3_allMicroglia
HIVEP2,10.058483,0.38016236,8.428726067625965e-24,4.7388602580826105e-22,0.32939312698025836,4/4,APOE4_vs_APOE3_allMicroglia
H2AFY,10.002141,0.1674489,1.4913660280410865e-23,8.346404891793854e-22,0.7154521082135024,4/4,APOE4_vs_APOE3_allMicroglia
PLEKHA2,9.997026,0.2094109,1.5704157124042704e-23,8.775387097665451e-22,0.6260053619302949,4/4,APOE4_vs_APOE3_allMicroglia
STK3,9.952398,0.18978028,2.461772204598944e-23,1.3672735122993316e-21,0.7501827930782354,4/4,APOE4_vs_APOE3_allMicroglia
TFRC,9.907899,0.5121102,3.8465102819299227e-23,2.123470932562852e-21,0.225201072386059,4/4,APOE4_vs_APOE3_allMicroglia
AC245297.3,9.894223,0.31035087,4.410204994764093e-23,2.4236923875879964e-21,0.37698025834755056,4/4,APOE4_vs_APOE3_allMicroglia
KDM4B,9.892885,0.2324907,4.469579516471451e-23,2.4526398782964254e-21,0.5535583719229832,4/4,APOE4_vs_APOE3_allMicroglia
TES,9.880004,1.2356148,5.083101405330357e-23,2.780965538662128e-21,0.08780160857908847,4/4,APOE4_vs_APOE3_allMicroglia
HMGN1,9.863506,0.322587,5.991948438983104e-23,3.273303056943591e-21,0.35748233000243723,4/4,APOE4_vs_APOE3_allMicroglia
LITAF,9.840708,0.33002174,7.518031024618141e-23,4.07655486714146e-21,0.3641238118449915,4/4,APOE4_vs_APOE3_allMicroglia
NLGN4Y,9.838275,0.46553728,7.702036809104524e-23,4.1639918648454155e-21,0.2444552766268584,4/4,APOE4_vs_APOE3_allMicroglia
CD9,9.822245,0.96464366,9.03094804277144e-23,4.860907784021728e-21,0.1072995369242018,4/4,APOE4_vs_APOE3_allMicroglia
NFIL3,9.75024,0.71165466,1.8403220638735594e-22,9.847606412256747e-21,0.13983670485010968,4/4,APOE4_vs_APOE3_allMicroglia
PFKP,9.746419,0.44907376,1.9109058127344911e-22,1.0210374255751112e-20,0.2371435534974409,4/4,APOE4_vs_APOE3_allMicroglia
PEAK1,9.716084,0.18834116,2.574944823400332e-22,1.3599647255595318e-20,0.6798683889836705,4/4,APOE4_vs_APOE3_allMicroglia
TNS1,9.708511,1.0972147,2.7735764770724685e-22,1.460657160249344e-20,0.09919571045576407,4/4,APOE4_vs_APOE3_allMicroglia
RCOR1,9.677811,0.24952455,3.7465366760526813e-22,1.9702153574741982e-20,0.5379600292468926,4/4,APOE4_vs_APOE3_allMicroglia
FGR,9.672827,0.5631799,3.9335990678213997e-22,2.0626598779560323e-20,0.17188642456738973,4/4,APOE4_vs_APOE3_allMicroglia
MTRNR2L12,9.670815,0.36488277,4.011700136088607e-22,2.0976033811568444e-20,0.3309773336582988,4/4,APOE4_vs_APOE3_allMicroglia
NBPF15,9.624701,0.473814,6.288964357586946e-22,3.2696361427846565e-20,0.20619059224957348,4/4,APOE4_vs_APOE3_allMicroglia
GTDC1,9.62253,0.20144421,6.423128724615167e-22,3.3346515524771594e-20,0.6475749451620765,4/4,APOE4_vs_APOE3_allMicroglia
MYO1E,9.581685,0.25976288,9.54741153910686e-22,4.907932721107446e-20,0.5630026809651475,4/4,APOE4_vs_APOE3_allMicroglia
ZNF277,9.547916,0.29310253,1.3233099064733203e-21,6.79305271905049e-20,0.42036314891542775,4/4,APOE4_vs_APOE3_allMicroglia
FOSL2,9.545075,1.096889,1.3600906779297629e-21,6.972083879958998e-20,0.09596636607360468,4/4,APOE4_vs_APOE3_allMicroglia
DCAF6,9.513303,0.1764992,1.8470231310489343e-21,9.376268185786691e-20,0.7178893492566415,4/4,APOE4_vs_APOE3_allMicroglia
CPNE8,9.5096445,0.42342705,1.913155798754092e-21,9.685119694356641e-20,0.2545698269558859,4/4,APOE4_vs_APOE3_allMicroglia
TBC1D5,9.461357,0.085573554,3.0397339805753046e-21,1.532469744118963e-19,0.9226785279064099,4/4,APOE4_vs_APOE3_allMicroglia
NOTCH2,9.458754,0.24890779,3.1163667093855564e-21,1.5689427500718122e-19,0.4836704850109676,4/4,APOE4_vs_APOE3_allMicroglia
DNAJC5,9.456904,0.2117774,3.17194326349204e-21,1.5925417748569567e-19,0.6217401901048014,4/4,APOE4_vs_APOE3_allMicroglia
DUSP10,9.453784,0.44982654,3.2679744915412833e-21,1.6385086899301714e-19,0.22977089934194492,4/4,APOE4_vs_APOE3_allMicroglia
SEC14L1,9.4116535,0.21430397,4.883902036717478e-21,2.432050318991788e-19,0.6281379478430417,4/4,APOE4_vs_APOE3_allMicroglia
ZBTB20,9.3904085,0.11779774,5.976806437925518e-21,2.9641882443700795e-19,0.8610772605410675,4/4,APOE4_vs_APOE3_allMicroglia
WBP1L,9.375754,0.27719358,6.868313365051983e-21,3.3925389672640707e-19,0.4290762856446503,4/4,APOE4_vs_APOE3_allMicroglia
IQCJ-SCHIP1,9.315091,0.23209448,1.2184841908582943e-20,5.986273808000594e-19,0.5715330246161345,4/4,APOE4_vs_APOE3_allMicroglia
RASSF5,9.297664,0.47205982,1.435658715453159e-20,7.015560032616965e-19,0.2108213502315379,4/4,APOE4_vs_APOE3_allMicroglia
EFR3A,9.290365,0.2556368,1.5375944110026685e-20,7.493943012735834e-19,0.4646600048744821,4/4,APOE4_vs_APOE3_allMicroglia
GNA12,9.290361,0.32650998,1.5376495731167486e-20,7.493943012735834e-19,0.3546185717767487,4/4,APOE4_vs_APOE3_allMicroglia
CBLB,9.250256,0.3018873,2.2395605683171614e-20,1.0871373522675918e-18,0.374360224226176,4/4,APOE4_vs_APOE3_allMicroglia
GPI,9.230765,0.3085722,2.687038784224878e-20,1.3009035256800895e-18,0.35187667560321717,4/4,APOE4_vs_APOE3_allMicroglia
FAR1,9.217107,0.20529997,3.0522447282251535e-20,1.4757623421105526e-18,0.5835364367535949,4/4,APOE4_vs_APOE3_allMicroglia
CU638689.4,9.206068,0.57050854,3.382903132620077e-20,1.6334780680346628e-18,0.1628077016816963,4/4,APOE4_vs_APOE3_allMicroglia
KCNIP1,9.204836,0.25386256,3.421927193052898e-20,1.6501443635432031e-18,0.5244942724835486,4/4,APOE4_vs_APOE3_allMicroglia
LSP1,9.185348,0.8491142,4.1020048375121417e-20,1.9728972280917464e-18,0.1087618815500853,4/4,APOE4_vs_APOE3_allMicroglia
LIMK2,9.166423,0.29777807,4.8897510320904344e-20,2.3394742160201566e-18,0.372836948574214,4/4,APOE4_vs_APOE3_allMicroglia
AGTPBP1,9.154008,0.21200702,5.485975747891363e-20,2.61789046086795e-18,0.6099195710455764,4/4,APOE4_vs_APOE3_allMicroglia
AGFG1,9.143426,0.23226774,6.050468712320916e-20,2.8760156537617902e-18,0.560017060687302,4/4,APOE4_vs_APOE3_allMicroglia
MLLT10,9.1072035,0.14770538,8.453250646753658e-20,3.992224863507492e-18,0.7431147940531319,4/4,APOE4_vs_APOE3_allMicroglia
ARL17A,9.099367,0.37343645,9.085944195326666e-20,4.285497983159166e-18,0.26218620521569586,4/4,APOE4_vs_APOE3_allMicroglia
HELZ,9.077185,0.14553508,1.114198342199732e-19,5.228304297801589e-18,0.7373263465756763,4/4,APOE4_vs_APOE3_allMicroglia
UBASH3B,9.074749,0.2475096,1.1393991437776034e-19,5.33971165959079e-18,0.5113331708505972,4/4,APOE4_vs_APOE3_allMicroglia
PARVG,9.062478,0.2327484,1.2751998193955599e-19,5.945680075120623e-18,0.5052400682427493,4/4,APOE4_vs_APOE3_allMicroglia
NPAS3,9.050813,0.23572554,1.419078037291422e-19,6.5997046051973756e-18,0.5476480623933707,4/4,APOE4_vs_APOE3_allMicroglia
GRAMD4,9.039832,0.3732004,1.5691271195903104e-19,7.288276866005705e-18,0.26297830855471604,4/4,APOE4_vs_APOE3_allMicroglia
AFF4,9.035717,0.20791893,1.62931350874153e-19,7.548671358664398e-18,0.5791494028759444,4/4,APOE4_vs_APOE3_allMicroglia
C1QB,9.032583,0.18747307,1.6766614320802086e-19,7.738648811547e-18,0.6866926639044602,4/4,APOE4_vs_APOE3_allMicroglia
AC011586.1,9.026154,1.9224211,1.7781248230310741e-19,8.19661796571289e-18,0.05806726785279064,4/4,APOE4_vs_APOE3_allMicroglia
OXSR1,9.0028515,0.27023694,2.199293041762609e-19,1.0125323851767705e-17,0.4100048744820863,4/4,APOE4_vs_APOE3_allMicroglia
FAM172A,8.960177,0.16877702,3.2415769200877493e-19,1.4849181082870052e-17,0.7718742383621741,4/4,APOE4_vs_APOE3_allMicroglia
KCNAB2,8.898601,0.53412586,5.655515456530714e-19,2.5618505102039687e-17,0.17590787228856933,4/4,APOE4_vs_APOE3_allMicroglia
ZFP36,8.895628,0.34168354,5.809003766269137e-19,2.6281254245885867e-17,0.28674140872532294,4/4,APOE4_vs_APOE3_allMicroglia
CAMK2D,8.8869,0.17102142,6.283734178141128e-19,2.839394501903005e-17,0.7543870338776505,4/4,APOE4_vs_APOE3_allMicroglia
MAP2K5,8.815187,0.20121644,1.194848430582398e-18,5.359393064674797e-17,0.6174140872532293,4/4,APOE4_vs_APOE3_allMicroglia
ITGB3BP,8.771034,0.3823421,1.7703310688952373e-18,7.892312722610789e-17,0.24488179380940775,4/4,APOE4_vs_APOE3_allMicroglia
TSHR,8.761186,0.479551,1.932080981577712e-18,8.592478251121e-17,0.18663173287838167,4/4,APOE4_vs_APOE3_allMicroglia
PARP9,8.744258,0.2581434,2.244867921399627e-18,9.971409076595602e-17,0.4207287350718986,4/4,APOE4_vs_APOE3_allMicroglia
ZNF160,8.731438,0.3290148,2.5145591458940348e-18,1.112882458269257e-16,0.2903972702900317,4/4,APOE4_vs_APOE3_allMicroglia
ADAMTS2,8.701803,1.31758,3.2665213850335816e-18,1.440457219441134e-16,0.07464050694613697,4/4,APOE4_vs_APOE3_allMicroglia
AC131944.1,8.6998205,0.35442093,3.324088523134546e-18,1.4640789895938331e-16,0.2710212039970753,4/4,APOE4_vs_APOE3_allMicroglia
MCL1,8.698374,0.35763252,3.3667286592427117e-18,1.4810773516459434e-16,0.26925420424079943,4/4,APOE4_vs_APOE3_allMicroglia
CXCR4,8.681177,0.6442391,3.916930291626616e-18,1.716928929387135e-16,0.13544967097245916,4/4,APOE4_vs_APOE3_allMicroglia
ATP11A,8.675187,0.16515802,4.128695085214527e-18,1.8032740908584356e-16,0.6911406288081892,4/4,APOE4_vs_APOE3_allMicroglia
KLHL6,8.672436,0.26464278,4.229734167052247e-18,1.8430059553366583e-16,0.42688276870582503,4/4,APOE4_vs_APOE3_allMicroglia
CLIP4,8.659524,0.576327,4.737399413433539e-18,2.0568630596806757e-16,0.15634901291737752,4/4,APOE4_vs_APOE3_allMicroglia
TREML4,8.645647,2.109359,5.350132733322191e-18,2.3146596710676776e-16,0.055020716548866686,4/4,APOE4_vs_APOE3_allMicroglia
PGM1,8.6163225,0.5940372,6.913867576511522e-18,2.9736130101985686e-16,0.14800146234462588,4/4,APOE4_vs_APOE3_allMicroglia
UBE2B,8.597922,0.25261912,8.11721334448057e-18,3.474831878612086e-16,0.4181696319766025,4/4,APOE4_vs_APOE3_allMicroglia
RALGAPA2,8.592426,0.16651073,8.515170161647402e-18,3.636683116528081e-16,0.716548866682915,4/4,APOE4_vs_APOE3_allMicroglia
XRCC4,8.5787325,0.29580674,9.59244024187573e-18,4.082475642940623e-16,0.3474896417255667,4/4,APOE4_vs_APOE3_allMicroglia
PPA2,8.57655,0.21211702,9.776186356171006e-18,4.14621317291095e-16,0.554167682183768,4/4,APOE4_vs_APOE3_allMicroglia
PVT1,8.537532,0.27792156,1.3711900367211259e-17,5.795257105546181e-16,0.38733853278089203,4/4,APOE4_vs_APOE3_allMicroglia
FBXW7,8.517561,0.19158974,1.6294893794813807e-17,6.871076126543549e-16,0.6657933219595418,4/4,APOE4_vs_APOE3_allMicroglia
HSP90AB1,8.477192,0.24035487,2.3069400614339085e-17,9.649864364404856e-16,0.481050450889593,4/4,APOE4_vs_APOE3_allMicroglia
PPA1,8.4689045,0.41233388,2.4771144916660057e-17,1.0349870720258844e-15,0.21983914209115282,4/4,APOE4_vs_APOE3_allMicroglia
ZC3H3,8.4634495,0.3991342,2.5958386668493103e-17,1.0833556561613639e-15,0.2269680721423349,4/4,APOE4_vs_APOE3_allMicroglia
LRRC37A2,8.463095,0.34701315,2.603741788137618e-17,1.0854163233214687e-15,0.26096758469412623,4/4,APOE4_vs_APOE3_allMicroglia
FKBP15,8.456666,0.21284086,2.7513028354144127e-17,1.1456249724573711e-15,0.5241896173531563,4/4,APOE4_vs_APOE3_allMicroglia
H3F3A,8.416808,0.2436886,3.868804743874617e-17,1.603648045646148e-15,0.42468925176699973,4/4,APOE4_vs_APOE3_allMicroglia
CCDC91,8.4156275,0.16761075,3.9079610385936215e-17,1.6180461761715514e-15,0.6954667316597611,4/4,APOE4_vs_APOE3_allMicroglia
TTC7B,8.411019,0.23476307,4.064631073085624e-17,1.6810119989379312e-15,0.480928588837436,4/4,APOE4_vs_APOE3_allMicroglia
PLIN2,8.396233,0.70637864,4.6103061050100394e-17,1.893847516829096e-15,0.1266146721910797,4/4,APOE4_vs_APOE3_allMicroglia
UMAD1,8.393264,0.20795316,4.728287225001208e-17,1.937962382108278e-15,0.5890202291006581,4/4,APOE4_vs_APOE3_allMicroglia
AL139351.3,8.382081,1.2020911,5.200017502601429e-17,2.1241723282669072e-15,0.07567633438947112,4/4,APOE4_vs_APOE3_allMicroglia
SAMD4A,8.372171,0.24115257,5.656618002683072e-17,2.3004208390689235e-15,0.5128564465025591,4/4,APOE4_vs_APOE3_allMicroglia
NGLY1,8.331443,0.25763556,7.986272022824413e-17,3.222773344072727e-15,0.4035461857177675,4/4,APOE4_vs_APOE3_allMicroglia
ESYT2,8.32955,0.29408827,8.115063557507691e-17,3.2675406080125298e-15,0.35382646843772847,4/4,APOE4_vs_APOE3_allMicroglia
TNFSF13B,8.328893,0.27760237,8.160226764971512e-17,3.2821149431288163e-15,0.36333170850597124,4/4,APOE4_vs_APOE3_allMicroglia
RPSA,8.31817,0.2725906,8.933196568296815e-17,3.5851307850464006e-15,0.36680477699244457,4/4,APOE4_vs_APOE3_allMicroglia
RAP1A,8.281917,0.09306069,1.212084063535712e-16,4.853773392721071e-15,0.8347550572751645,4/4,APOE4_vs_APOE3_allMicroglia
IGF1R,8.2807045,0.2623303,1.2244911079743255e-16,4.898098256062108e-15,0.4114672191079698,4/4,APOE4_vs_APOE3_allMicroglia
MBNL2,8.273728,0.16188468,1.2983341607938635e-16,5.187808801224476e-15,0.6818181818181818,4/4,APOE4_vs_APOE3_allMicroglia
RB1,8.256212,0.11274405,1.5036799774592776e-16,6.0017656330411145e-15,0.834815988301243,4/4,APOE4_vs_APOE3_allMicroglia
HNRNPU,8.2401285,0.143834,1.7202553444796275e-16,6.84381150688031e-15,0.6772483548622958,4/4,APOE4_vs_APOE3_allMicroglia
GPRIN3,8.199204,0.18808186,2.419836276395493e-16,9.574965140794752e-15,0.6144893980014623,4/4,APOE4_vs_APOE3_allMicroglia
GCLC,8.193132,0.37210557,2.5451408049334293e-16,1.0049050550309433e-14,0.2341579332195954,4/4,APOE4_vs_APOE3_allMicroglia
TMEM117,8.173344,0.20380506,2.999588372842665e-16,1.1805154197248859e-14,0.5993175725079211,4/4,APOE4_vs_APOE3_allMicroglia
UBE2D3,8.171547,0.16629736,3.0446074271721767e-16,1.1965271925864368e-14,0.7187423836217401,4/4,APOE4_vs_APOE3_allMicroglia
SUMF1,8.165331,0.1800518,3.205560394207653e-16,1.2561746893832368e-14,0.6865098708262247,4/4,APOE4_vs_APOE3_allMicroglia
MX2,8.120599,0.3556871,4.638906815088837e-16,1.802427052431704e-14,0.2350109675846941,4/4,APOE4_vs_APOE3_allMicroglia
SMCHD1,8.09313,0.16699748,5.8150629789554e-16,2.2522446570661016e-14,0.61698757007068,4/4,APOE4_vs_APOE3_allMicroglia
ZCCHC2,8.083195,0.26124173,6.309178161536526e-16,2.4410383709344437e-14,0.37783329271264926,4/4,APOE4_vs_APOE3_allMicroglia
JDP2,8.0635605,0.22677812,7.410366872637447e-16,2.858027796684965e-14,0.46764562515232755,4/4,APOE4_vs_APOE3_allMicroglia
RREB1,8.017413,0.14391649,1.0799546652445614e-15,4.1389969322111194e-14,0.7256885205946868,4/4,APOE4_vs_APOE3_allMicroglia
LDLRAD3,8.015782,0.6781625,1.094382713843291e-15,4.1899060365458465e-14,0.12100901779185962,4/4,APOE4_vs_APOE3_allMicroglia
MEGF9,8.002978,0.27953932,1.2144549386068306e-15,4.639902422541608e-14,0.33560809164026323,4/4,APOE4_vs_APOE3_allMicroglia
ULK4,7.9922953,0.23530598,1.3244939987382237e-15,5.044516633487796e-14,0.4431513526687789,4/4,APOE4_vs_APOE3_allMicroglia
ZBTB25,7.971154,0.35008076,1.5719923967707786e-15,5.956158769586674e-14,0.23982451864489399,4/4,APOE4_vs_APOE3_allMicroglia
AZI2,7.9665365,0.50954133,1.6318324203293466e-15,6.170113472776282e-14,0.15896904703875214,4/4,APOE4_vs_APOE3_allMicroglia
F13A1,7.9659486,0.43464485,1.639614133251914e-15,6.193138998055037e-14,0.2067389714842798,4/4,APOE4_vs_APOE3_allMicroglia
ACPP,7.9628797,0.39442456,1.6808115954888215e-15,6.342204660462511e-14,0.2075920058493785,4/4,APOE4_vs_APOE3_allMicroglia
SKAP2,7.9330344,0.10941309,2.1385522790894435e-15,8.011581572871312e-14,0.875639775773824,4/4,APOE4_vs_APOE3_allMicroglia
HPS3,7.920063,0.20614924,2.3739022363600883e-15,8.88417134488912e-14,0.49134779429685593,4/4,APOE4_vs_APOE3_allMicroglia
RASSF3,7.91554,0.24157123,2.461819936951117e-15,9.203786671332772e-14,0.4404094564952474,4/4,APOE4_vs_APOE3_allMicroglia
SMAD3,7.905624,0.22221579,2.665946971722503e-15,9.926380987997491e-14,0.47830855471606143,4/4,APOE4_vs_APOE3_allMicroglia
GPR65,7.8978963,0.31584847,2.8364991640068943e-15,1.0529280517425592e-13,0.2761394101876676,4/4,APOE4_vs_APOE3_allMicroglia
RAB3GAP1,7.896507,0.16181107,2.8682850986472708e-15,1.0636484589218719e-13,0.6420302217889349,4/4,APOE4_vs_APOE3_allMicroglia
LURAP1,7.895811,0.73324513,2.884334564469089e-15,1.0685175039892018e-13,0.10339995125517913,4/4,APOE4_vs_APOE3_allMicroglia
SNTB1,7.8842335,1.2898186,3.1647220881872283e-15,1.1688394868793212e-13,0.06885205946868145,4/4,APOE4_vs_APOE3_allMicroglia
SIPA1L1,7.8746777,0.15372992,3.4162184297657186e-15,1.2566533743503022e-13,0.7241652449427248,4/4,APOE4_vs_APOE3_allMicroglia
BHLHE40,7.8740273,0.6630757,3.4340413757997474e-15,1.2619412489522746e-13,0.11473312210577626,4/4,APOE4_vs_APOE3_allMicroglia
AC093849.4,7.853149,0.37097535,4.0571970738529626e-15,1.4834912097911315e-13,0.22763831342919816,4/4,APOE4_vs_APOE3_allMicroglia
AC015871.1,7.848969,0.34506676,4.194717893113334e-15,1.5322442076431253e-13,0.2379965878625396,4/4,APOE4_vs_APOE3_allMicroglia
R3HCC1L,7.839935,0.1918069,4.507808778664755e-15,1.641694617989141e-13,0.5385693395076773,4/4,APOE4_vs_APOE3_allMicroglia
ST18,7.834085,0.54777026,4.722688122463804e-15,1.7182416299234361e-13,0.1623202534730685,4/4,APOE4_vs_APOE3_allMicroglia
ZFAND3,7.805951,0.052367862,5.9054425993184166e-15,2.1400505403728054e-13,0.9274311479405313,4/4,APOE4_vs_APOE3_allMicroglia
SMARCD3,7.798774,0.4498092,6.251155546264755e-15,2.258623338093152e-13,0.17944187180112114,4/4,APOE4_vs_APOE3_allMicroglia
CYTIP,7.763724,0.37907454,8.247124183909001e-15,2.9709940182603677e-13,0.22288569339507677,4/4,APOE4_vs_APOE3_allMicroglia
ATP11B,7.753948,0.19778089,8.907879347056509e-15,3.2027238897997573e-13,0.5014014135998051,4/4,APOE4_vs_APOE3_allMicroglia
ZMYM2,7.731564,0.13074175,1.0623319577236395e-14,3.8045412900824787e-13,0.7105166951011455,4/4,APOE4_vs_APOE3_allMicroglia
UGP2,7.7306685,0.23767835,1.0698328296027625e-14,3.82765898301962e-13,0.3979405313185474,4/4,APOE4_vs_APOE3_allMicroglia
ARL4C,7.71821,1.0191973,1.1797472995287329e-14,4.2044723378822936e-13,0.07884474774555203,4/4,APOE4_vs_APOE3_allMicroglia
CHD2,7.708204,0.14079557,1.2760096373825626e-14,4.5387005576131367e-13,0.7261759688033147,4/4,APOE4_vs_APOE3_allMicroglia
CLASP1,7.6991606,0.11899261,1.3696272494698686e-14,4.86696378231521e-13,0.7746770655617841,4/4,APOE4_vs_APOE3_allMicroglia
AC104123.1,7.692863,0.3330128,1.438788050540109e-14,5.097878164358038e-13,0.26425786010236413,4/4,APOE4_vs_APOE3_allMicroglia
METTL15,7.692136,0.20132618,1.4469895667528248e-14,5.117030447605811e-13,0.5237021691445284,4/4,APOE4_vs_APOE3_allMicroglia
APOC1,7.6692867,0.27159753,1.729551064655046e-14,6.092714005528329e-13,0.3273214720935901,4/4,APOE4_vs_APOE3_allMicroglia
LPCAT1,7.664843,0.38303438,1.7904988075186033e-14,6.301350659037346e-13,0.21971728003899585,4/4,APOE4_vs_APOE3_allMicroglia
SPAG9,7.643159,0.17236944,2.1195581883422023e-14,7.430838050911201e-13,0.5560565439922008,4/4,APOE4_vs_APOE3_allMicroglia
MAPK1IP1L,7.625644,0.268002,2.428190181048367e-14,8.480361528296878e-13,0.31854740433828904,4/4,APOE4_vs_APOE3_allMicroglia
RAB1A,7.612249,0.12308303,2.693672357655601e-14,9.380694763325657e-13,0.7482330002437241,4/4,APOE4_vs_APOE3_allMicroglia
PPM1L,7.606735,0.2315621,2.8110677996850114e-14,9.770929965457844e-13,0.43023397514014133,4/4,APOE4_vs_APOE3_allMicroglia
CLTC,7.595159,0.15938339,3.0741430505455984e-14,1.0665090975641653e-12,0.6525103582744334,4/4,APOE4_vs_APOE3_allMicroglia
TRAPPC9,7.5726085,0.14499204,3.658040401594664e-14,1.2607150352049558e-12,0.7373872776017548,4/4,APOE4_vs_APOE3_allMicroglia
TRPS1,7.5561495,0.1549208,4.1517653947490315e-14,1.4255043641014007e-12,0.657933219595418,4/4,APOE4_vs_APOE3_allMicroglia
PHF20L1,7.5318084,0.20201206,5.0042273534327117e-14,1.7085795276398384e-12,0.48172069217645624,4/4,APOE4_vs_APOE3_allMicroglia
MGAT1,7.531264,0.20515706,5.025152061424706e-14,1.7141247959012644e-12,0.4772727272727273,4/4,APOE4_vs_APOE3_allMicroglia
RNF114,7.519908,0.25723702,5.481483161624211e-14,1.8611109944212222e-12,0.3251279551547648,4/4,APOE4_vs_APOE3_allMicroglia
XAF1,7.49858,0.22653377,6.451284370056056e-14,2.1843058207994605e-12,0.40628808189129906,4/4,APOE4_vs_APOE3_allMicroglia
TNFAIP3,7.491951,0.44125283,6.785733787529232e-14,2.2933023301695053e-12,0.1674993906897392,4/4,APOE4_vs_APOE3_allMicroglia
UBR5,7.4824533,0.11414163,7.294782026545434e-14,2.4585296220404183e-12,0.7122836948574214,4/4,APOE4_vs_APOE3_allMicroglia
NCOA2,7.473765,0.1183282,7.79323988147498e-14,2.619287170816031e-12,0.7669388252498172,4/4,APOE4_vs_APOE3_allMicroglia
MAP3K1,7.4725413,0.17625909,7.866051012659189e-14,2.641333331324211e-12,0.548440165732391,4/4,APOE4_vs_APOE3_allMicroglia
SCAPER,7.431473,0.1462027,1.0739495605125419e-13,3.576672235151915e-12,0.6759688033146478,4/4,APOE4_vs_APOE3_allMicroglia
TMEM9B-AS1,7.419677,0.37222576,1.1740637367754005e-13,3.9065369845196754e-12,0.19845235193760663,4/4,APOE4_vs_APOE3_allMicroglia
ST8SIA4,7.414459,0.15282102,1.2212211151497289e-13,4.0560720540467534e-12,0.7008895929807458,4/4,APOE4_vs_APOE3_allMicroglia
LINC01146,7.410819,0.5028859,1.2552186655718882e-13,4.165209281831068e-12,0.14982939312698026,4/4,APOE4_vs_APOE3_allMicroglia
TRAF3,7.3740435,0.21297057,1.655294748067087e-13,5.433672024574301e-12,0.4575310748233,4/4,APOE4_vs_APOE3_allMicroglia
HIST1H2BD,7.366361,0.4034347,1.7534848176575997e-13,5.750833137194069e-12,0.17383621740190106,4/4,APOE4_vs_APOE3_allMicroglia
KLF13,7.35707,0.35260385,1.8799104303489793e-13,6.15994643341119e-12,0.21185717767487205,4/4,APOE4_vs_APOE3_allMicroglia
VPS37A,7.3482795,0.26969242,2.0077411196992969e-13,6.572927792675668e-12,0.2967340970021935,4/4,APOE4_vs_APOE3_allMicroglia
DPH6-DT,7.3448825,0.3064616,2.059396687542728e-13,6.7299980500670875e-12,0.2757128930051182,4/4,APOE4_vs_APOE3_allMicroglia
KDM2A,7.327568,0.101065315,2.3436632254648006e-13,7.631709761142097e-12,0.764745308310992,4/4,APOE4_vs_APOE3_allMicroglia
NCOA7,7.325185,0.19673422,2.3856965422592334e-13,7.761678146064907e-12,0.4829393126980258,4/4,APOE4_vs_APOE3_allMicroglia
SESTD1,7.3168325,0.5154152,2.5389191777407277e-13,8.238207519901451e-12,0.15049963441384354,4/4,APOE4_vs_APOE3_allMicroglia
RAF1,7.294876,0.17648053,2.9893408599287294e-13,9.673993352276872e-12,0.5520960272970997,4/4,APOE4_vs_APOE3_allMicroglia
LIMD1,7.291411,0.24871428,3.0672545204261437e-13,9.917365963084565e-12,0.3569948817938094,4/4,APOE4_vs_APOE3_allMicroglia
STX18,7.2837915,0.2165055,3.2456605948549894e-13,1.0475698715369265e-11,0.4272483548622959,4/4,APOE4_vs_APOE3_allMicroglia
ESR1,7.2703257,0.29222,3.5862248614007985e-13,1.1524092726262566e-11,0.27169144528393857,4/4,APOE4_vs_APOE3_allMicroglia
PPP1R3B,7.2554207,0.47202283,4.0041480387737535e-13,1.2855773891855978e-11,0.14684377284913477,4/4,APOE4_vs_APOE3_allMicroglia
GAB2,7.2508645,0.089249715,4.1412005750395955e-13,1.3272511580299844e-11,0.8968437728491347,4/4,APOE4_vs_APOE3_allMicroglia
GRID2,7.250189,0.2357837,4.161911611067973e-13,1.3327220199186253e-11,0.578966609797709,4/4,APOE4_vs_APOE3_allMicroglia
IFI44L,7.2278333,0.2530581,4.907607572381386e-13,1.561942128319401e-11,0.3095905435047526,4/4,APOE4_vs_APOE3_allMicroglia
MB21D2,7.225386,0.31868622,4.996793916780201e-13,1.5889457354306876e-11,0.24469900073117232,4/4,APOE4_vs_APOE3_allMicroglia
LGALS3,7.220441,1.0195023,5.181924042130084e-13,1.6449575183521524e-11,0.07531074823300024,4/4,APOE4_vs_APOE3_allMicroglia
GCA,7.2170386,0.21603554,5.313197272103083e-13,1.685167533416334e-11,0.41865708018523035,4/4,APOE4_vs_APOE3_allMicroglia
SLA,7.212425,0.12132381,5.496404836156449e-13,1.7417654840533524e-11,0.6757860102364124,4/4,APOE4_vs_APOE3_allMicroglia
PGBD5,7.204762,0.35989776,5.814536005440909e-13,1.839393537900974e-11,0.20893248842310505,4/4,APOE4_vs_APOE3_allMicroglia
UACA,7.193229,0.3091532,6.327657274909304e-13,1.994819844263182e-11,0.2522544479649037,4/4,APOE4_vs_APOE3_allMicroglia
SWAP70,7.1927834,0.1550911,6.348352682114647e-13,1.9979024636120222e-11,0.5882890567877163,4/4,APOE4_vs_APOE3_allMicroglia
NBAS,7.1864424,0.15042415,6.65012504924802e-13,2.0892809178328477e-11,0.6458079454058007,4/4,APOE4_vs_APOE3_allMicroglia
GFAP,7.1738453,0.5259886,7.291999955747905e-13,2.287013627937695e-11,0.12990494759931756,4/4,APOE4_vs_APOE3_allMicroglia
VMP1,7.166742,0.13875273,7.680378201394762e-13,2.4067596108668635e-11,0.7059468681452595,4/4,APOE4_vs_APOE3_allMicroglia
SERPINB6,7.153272,0.16058162,8.473329314809544e-13,2.6484400192258248e-11,0.5694613697294663,4/4,APOE4_vs_APOE3_allMicroglia
ATG7,7.1494226,0.11579279,8.714350962963099e-13,2.7168139658893725e-11,0.8204971971728003,4/4,APOE4_vs_APOE3_allMicroglia
SLC25A37,7.14459,0.0710978,9.026482285816456e-13,2.8098857540841427e-11,0.7390933463319522,4/4,APOE4_vs_APOE3_allMicroglia
RASSF2,7.1358767,0.18896331,9.617226900708513e-13,2.9906552403809034e-11,0.5071289300511821,4/4,APOE4_vs_APOE3_allMicroglia
TAOK1,7.1193604,0.12667727,1.0842885948479603e-12,3.366076917729449e-11,0.6869973190348525,4/4,APOE4_vs_APOE3_allMicroglia
ITGB2-AS1,7.117597,0.38671026,1.0982473545335243e-12,3.4065213070577565e-11,0.18059956129661223,4/4,APOE4_vs_APOE3_allMicroglia
ACOT11,7.115087,0.38847676,1.1184218242048906e-12,3.46322818847066e-11,0.1781013892273946,4/4,APOE4_vs_APOE3_allMicroglia
TANK,7.1106844,0.16119671,1.1546892753169344e-12,3.572509058822918e-11,0.6264928101389228,4/4,APOE4_vs_APOE3_allMicroglia
ARHGAP15,7.098255,0.055144046,1.2634161684284443e-12,3.902303390772109e-11,0.9310260784791616,4/4,APOE4_vs_APOE3_allMicroglia
CTSS,7.096581,0.17805208,1.2788099118253278e-12,3.946519526367523e-11,0.52924689251767,4/4,APOE4_vs_APOE3_allMicroglia
PTPN22,7.096251,0.862179,1.2818673512626885e-12,3.9526223187502667e-11,0.08353643675359493,4/4,APOE4_vs_APOE3_allMicroglia
ZNF407,7.0851054,0.16966902,1.3893866061686058e-12,4.27695030886267e-11,0.6087618815500853,4/4,APOE4_vs_APOE3_allMicroglia
CDK17,7.0831113,0.19928697,1.4095327541203364e-12,4.3353200280301204e-11,0.46386790153546187,4/4,APOE4_vs_APOE3_allMicroglia
DTNA,7.0799847,0.11459269,1.441706586429609e-12,4.426837480697158e-11,0.786497684621009,4/4,APOE4_vs_APOE3_allMicroglia
UBAP1,7.0198407,0.2073593,2.221210014615351e-12,6.774875645411372e-11,0.4248720448452352,4/4,APOE4_vs_APOE3_allMicroglia
