glue_id,smiles,mw,clogp,tpsa,cns_mpo_proxy,herg_liability_prob,herg_predicted_active
GLUE1589,O=C1CCC(N2Cc3cccc(NC(=O)Oc4ccc5cnccc5c4)c3C2=O)C(=O)N1,430.42,2.61,117.7,3.5,0.38686602103179546,0
GLUE0692,Cc1cccc(C(=O)Nc2cccc3c2C(=O)N(C2CCC(=O)NC2=O)C3)c1,377.4,2.01,95.6,3.5,0.3892727793879256,0
GLUE1188,CC(NC(=O)Nc1cccc2c1C(=O)N(C1CCC(=O)NC1=O)C2)C(C)(C)C,386.45,2.0,107.6,3.5,0.39148492058929657,0
GLUE0246,Cc1ccc(C(=O)Nc2cccc3c2C(=O)N(C2CCC(=O)NC2=O)C3)cc1,377.4,2.01,95.6,3.5,0.3953860906797572,0
GLUE0599,Cc1cccc(CC(=O)Nc2cccc3c2C(=O)N(C2CCC(=O)NC2=O)C3)c1C,405.45,2.25,95.6,3.5,0.3960095701564181,0
GLUE0413,O=C1CCC(N2Cc3cccc(NC(=O)Nc4cc(F)c(F)cc4F)c3C2=O)C(=O)N1,432.36,2.51,107.6,3.5,0.3984798565701806,0
GLUE0105,Cc1cccc(C)c1CC(=O)Nc1cccc2c1C(=O)N(C1CCC(=O)NC1=O)C2,405.45,2.25,95.6,3.5,0.4022142422666436,0
GLUE0410,O=C1CCC(N2Cc3cccc(NC(=O)c4cc(F)c(F)cc4F)c3C2=O)C(=O)N1,417.34,2.12,95.6,3.5,0.40504801719764094,0
GLUE0412,O=C1CCC(N2Cc3cccc(NC(=O)Cc4cc(F)c(F)cc4F)c3C2=O)C(=O)N1,431.37,2.05,95.6,3.5,0.4073151028213398,0
GLUE0250,Cc1ccc(OC(=O)Nc2cccc3c2C(=O)N(C2CCC(=O)NC2=O)C3)cc1,393.4,2.37,104.8,3.5,0.4088302853022914,0
GLUE0198,CCCC(C)CC(=O)Nc1cccc2c1C(=O)N(C1CCC(=O)NC1=O)C2,371.44,2.21,95.6,3.5,0.4089352621624472,0
GLUE0600,Cc1cccc(NC(=O)Nc2cccc3c2C(=O)N(C2CCC(=O)NC2=O)C3)c1C,406.44,2.71,107.6,3.5,0.4089737972070257,0
GLUE1546,O=C1CCC(N2Cc3cccc(NC(=O)N4CCCCCCC4)c3C2=O)C(=O)N1,398.46,2.25,98.8,3.5,0.41040561925062785,0
GLUE1189,CC(OC(=O)Nc1cccc2c1C(=O)N(C1CCC(=O)NC1=O)C2)C(C)(C)C,387.44,2.43,104.8,3.5,0.41045843770929724,0
GLUE1585,O=C1CCC(N2Cc3cccc(NC(=O)c4ccc5cnccc5c4)c3C2=O)C(=O)N1,414.42,2.25,108.5,3.5,0.4112884681597937,0
GLUE0106,Cc1cccc(C)c1NC(=O)Nc1cccc2c1C(=O)N(C1CCC(=O)NC1=O)C2,406.44,2.71,107.6,3.5,0.4124954399989318,0
GLUE0107,Cc1cccc(C)c1OC(=O)Nc1cccc2c1C(=O)N(C1CCC(=O)NC1=O)C2,407.43,2.68,104.8,3.5,0.41524341679848137,0
GLUE0414,O=C1CCC(N2Cc3cccc(NC(=O)Oc4cc(F)c(F)cc4F)c3C2=O)C(=O)N1,433.34,2.48,104.8,3.5,0.41545770709682267,0
GLUE2043,CC(C)(CC(=O)Nc1cccc2c1C(=O)N(C1CCC(=O)NC1=O)C2)C(F)(F)F,411.38,2.36,95.6,3.5,0.41717651080492296,0
GLUE0830,CC(C)CCOC(=O)Nc1cccc2c1C(=O)N(C1CCC(=O)NC1=O)C2,373.41,2.04,104.8,3.5,0.4185251842510884,0
GLUE1440,O=C1CCC(N2Cc3cccc(NC(=O)Cc4cccc5sccc45)c3C2=O)C(=O)N1,433.49,2.84,95.6,3.5,0.4196668434320149,0
GLUE0141,O=C1CCC(N2Cc3cccc(NC(=O)Oc4cccs4)c3C2=O)C(=O)N1,385.4,2.12,104.8,3.5,0.4202241343175413,0
GLUE0103,Cc1cccc(C)c1C(=O)Nc1cccc2c1C(=O)N(C1CCC(=O)NC1=O)C2,391.43,2.32,95.6,3.5,0.4208411273835929,0
GLUE1202,CCC(CC)CC(=O)Nc1cccc2c1C(=O)N(C1CCC(=O)NC1=O)C2,371.44,2.21,95.6,3.5,0.4209594940531079,0
GLUE1587,O=C1CCC(N2Cc3cccc(NC(=O)Cc4ccc5cnccc5c4)c3C2=O)C(=O)N1,428.45,2.18,108.5,3.5,0.422146249332171,0
GLUE0872,CC(C)(C)COC(=O)Nc1cccc2c1C(=O)N(C1CCC(=O)NC1=O)C2,373.41,2.04,104.8,3.5,0.42254879576979715,0
GLUE0828,CC(C)CCCC(=O)Nc1cccc2c1C(=O)N(C1CCC(=O)NC1=O)C2,371.44,2.21,95.6,3.5,0.42379959610286627,0
GLUE1550,O=C1CCC(N2Cc3cccc(NC(=O)ON4CCCCCCC4)c3C2=O)C(=O)N1,414.46,2.18,108.1,3.5,0.42492500345478096,0
GLUE1229,Cc1ccc(C(=O)Nc2cccc3c2C(=O)N(C2CCC(=O)NC2=O)C3)cc1C,391.43,2.32,95.6,3.5,0.42595325750990104,0
GLUE1233,Cc1ccc(OC(=O)Nc2cccc3c2C(=O)N(C2CCC(=O)NC2=O)C3)cc1C,407.43,2.68,104.8,3.5,0.42735789680553504,0
GLUE0200,CCCC(C)OC(=O)Nc1cccc2c1C(=O)N(C1CCC(=O)NC1=O)C2,373.41,2.18,104.8,3.5,0.42777222089951583,0
GLUE1421,O=C1CCC(N2Cc3cccc(NC(=O)Nc4cccc5c4CCO5)c3C2=O)C(=O)N1,420.43,2.03,116.8,3.5,0.42833750828277656,0
GLUE1152,C#CC1(CC(=O)Nc2cccc3c2C(=O)N(C2CCC(=O)NC2=O)C3)CCCCC1,407.47,2.36,95.6,3.5,0.42937282435914564,0
GLUE1437,O=C1CCC(N2Cc3cccc(NC(=O)Oc4c(F)cccc4F)c3C2=O)C(=O)N1,415.35,2.34,104.8,3.5,0.4302434598819177,0
GLUE2411,Cc1ccc(C)c(OC(=O)Nc2cccc3c2C(=O)N(C2CCC(=O)NC2=O)C3)c1,407.43,2.68,104.8,3.5,0.4304423693123026,0
GLUE0781,O=C1CCC(N2Cc3cccc(NC(=O)OCC(Cl)(Cl)Cl)c3C2=O)C(=O)N1,434.66,2.37,104.8,3.5,0.43055561030113,0
GLUE0779,O=C1CCC(N2Cc3cccc(NC(=O)CCC(Cl)(Cl)Cl)c3C2=O)C(=O)N1,432.69,2.54,95.6,3.5,0.4317493348271665,0
GLUE2409,Cc1ccc(C)c(CC(=O)Nc2cccc3c2C(=O)N(C2CCC(=O)NC2=O)C3)c1,405.45,2.25,95.6,3.5,0.4324489438162341,0
GLUE1088,O=C1CCC(N2Cc3cccc(NC(=O)Nc4ccsc4)c3C2=O)C(=O)N1,384.42,2.15,107.6,3.5,0.43275722325358207,0
GLUE0597,Cc1cccc(C(=O)Nc2cccc3c2C(=O)N(C2CCC(=O)NC2=O)C3)c1C,391.43,2.32,95.6,3.5,0.43315852030810464,0
GLUE1373,O=C1CCC(N2Cc3cccc(NC(=O)c4ccc5ncccc5c4)c3C2=O)C(=O)N1,414.42,2.25,108.5,3.5,0.43318474173933175,0
GLUE1187,CC(CC(=O)Nc1cccc2c1C(=O)N(C1CCC(=O)NC1=O)C2)C(C)(C)C,385.46,2.46,95.6,3.5,0.43335001208519136,0
GLUE0234,Cc1ccccc1NC(=O)Nc1cccc2c1C(=O)N(C1CCC(=O)NC1=O)C2,392.42,2.4,107.6,3.5,0.43359701149464597,0
GLUE0457,O=C1CCC(N2Cc3cccc(NC(=O)Cc4c[nH]c5ccccc45)c3C2=O)C(=O)N1,416.44,2.11,111.4,3.5,0.4339773112609265,0
GLUE1377,O=C1CCC(N2Cc3cccc(NC(=O)Oc4ccc5ncccc5c4)c3C2=O)C(=O)N1,430.42,2.61,117.7,3.5,0.43458361599241224,0
GLUE2724,O=C1CCC(N2Cc3cccc(NC(=O)Oc4ccc(Cl)s4)c3C2=O)C(=O)N1,419.85,2.77,104.8,3.5,0.4349661434123571,0
GLUE1436,O=C1CCC(N2Cc3cccc(NC(=O)Nc4c(F)cccc4F)c3C2=O)C(=O)N1,414.37,2.37,107.6,3.5,0.4364370277504371,0
GLUE2723,O=C1CCC(N2Cc3cccc(NC(=O)Nc4ccc(Cl)s4)c3C2=O)C(=O)N1,418.86,2.81,107.6,3.5,0.4364493064888571,0
GLUE1154,C#CC1(OC(=O)Nc2cccc3c2C(=O)N(C2CCC(=O)NC2=O)C3)CCCCC1,409.44,2.33,104.8,3.5,0.436611676232801,0
GLUE0428,Cc1ccc(NC(=O)Nc2cccc3c2C(=O)N(C2CCC(=O)NC2=O)C3)c(C)c1,406.44,2.71,107.6,3.5,0.4368194404433672,0
GLUE0453,O=C1CCC(N2Cc3cccc(NC(=O)Nc4ccccc4F)c3C2=O)C(=O)N1,396.38,2.23,107.6,3.5,0.4381446053435973,0
GLUE0601,Cc1cccc(OC(=O)Nc2cccc3c2C(=O)N(C2CCC(=O)NC2=O)C3)c1C,407.43,2.68,104.8,3.5,0.439041238051056,0
GLUE2330,O=C1CCC(N2Cc3cccc(NC(=O)CC(F)(F)C(Cl)Cl)c3C2=O)C(=O)N1,434.23,2.22,95.6,3.5,0.4394694815529584,0
GLUE0422,O=C1CCC(N2Cc3cccc(NC(=O)Cc4c(F)cc(F)cc4F)c3C2=O)C(=O)N1,431.37,2.05,95.6,3.5,0.4402101462517774,0
GLUE2040,Cc1cc(C)cc(OC(=O)Nc2cccc3c2C(=O)N(C2CCC(=O)NC2=O)C3)c1,407.43,2.68,104.8,3.5,0.44047689408566476,0
GLUE0238,O=C1CCC(N2Cc3cccc(NC(=O)Cc4cccc5ccccc45)c3C2=O)C(=O)N1,427.46,2.78,95.6,3.5,0.44167778275710706,0
GLUE2036,Cc1cc(C)cc(C(=O)Nc2cccc3c2C(=O)N(C2CCC(=O)NC2=O)C3)c1,391.43,2.32,95.6,3.5,0.44275522867823963,0
GLUE1204,CCC(CC)OC(=O)Nc1cccc2c1C(=O)N(C1CCC(=O)NC1=O)C2,373.41,2.18,104.8,3.5,0.44334006091296935,0
GLUE1185,CC(C(=O)Nc1cccc2c1C(=O)N(C1CCC(=O)NC1=O)C2)C(C)(C)C,371.44,2.07,95.6,3.5,0.44337167081304374,0
GLUE0427,Cc1ccc(CC(=O)Nc2cccc3c2C(=O)N(C2CCC(=O)NC2=O)C3)c(C)c1,405.45,2.25,95.6,3.5,0.44463690043842136,0
GLUE0870,CC(C)(C)CCC(=O)Nc1cccc2c1C(=O)N(C1CCC(=O)NC1=O)C2,371.44,2.21,95.6,3.5,0.4456030400522419,0
GLUE1506,CC1(C)C2CCC(C2)C1(C)C(=O)Nc1cccc2c1C(=O)N(C1CCC(=O)NC1=O)C2,423.51,2.85,95.6,3.5,0.44580593229092486,0
GLUE1089,O=C1CCC(N2Cc3cccc(NC(=O)Oc4ccsc4)c3C2=O)C(=O)N1,385.4,2.12,104.8,3.5,0.44583262406465957,0
GLUE1791,O=C1CCC(N2Cc3cccc(NC(=O)Oc4cccc(Cl)n4)c3C2=O)C(=O)N1,414.81,2.11,117.7,3.5,0.44607202827914594,0
GLUE0429,Cc1ccc(OC(=O)Nc2cccc3c2C(=O)N(C2CCC(=O)NC2=O)C3)c(C)c1,407.43,2.68,104.8,3.5,0.4466334025285827,0
GLUE2245,O=C1CCC(N2Cc3cccc(NC(=O)Cc4cccc5[nH]ccc45)c3C2=O)C(=O)N1,416.44,2.11,111.4,3.5,0.44823847863505667,0
GLUE0903,Cc1[nH]c2ccccc2c1C(=O)Nc1cccc2c1C(=O)N(C1CCC(=O)NC1=O)C2,416.44,2.49,111.4,3.5,0.44914775683416647,0
GLUE0425,Cc1ccc(C(=O)Nc2cccc3c2C(=O)N(C2CCC(=O)NC2=O)C3)c(C)c1,391.43,2.32,95.6,3.5,0.4505294225453401,0
GLUE2038,Cc1cc(C)cc(CC(=O)Nc2cccc3c2C(=O)N(C2CCC(=O)NC2=O)C3)c1,405.45,2.25,95.6,3.5,0.45079407355299655,0
GLUE2720,O=C1CCC(N2Cc3cccc(NC(=O)c4ccc(Cl)s4)c3C2=O)C(=O)N1,403.85,2.41,95.6,3.5,0.45082581378347736,0
GLUE2733,O=C1CCC(N2Cc3cccc(NC(=O)Nc4cccc(Cl)c4F)c3C2=O)C(=O)N1,430.82,2.88,107.6,3.5,0.4511995488441106,0
GLUE1253,O=C1CCC(N2Cc3cccc(NC(=O)c4ccc5c(c4)CCC5)c3C2=O)C(=O)N1,403.44,2.19,95.6,3.5,0.45177976969329836,0
GLUE2410,Cc1ccc(C)c(NC(=O)Nc2cccc3c2C(=O)N(C2CCC(=O)NC2=O)C3)c1,406.44,2.71,107.6,3.5,0.45267490191827314,0
GLUE1925,O=C1CCC(N2Cc3cccc(NC(=O)c4ccc5c(c4)OC(F)(F)O5)c3C2=O)C(=O)N1,443.36,2.02,114.0,3.5,0.4534984568559634,0
GLUE1159,C[C@H]1NCc2cc(OC(=O)Nc3cccc4c3C(=O)N(C3CCC(=O)NC3=O)C4)ccc21,434.45,2.22,116.8,3.5,0.4536844034453216,0
GLUE0235,Cc1ccccc1OC(=O)Nc1cccc2c1C(=O)N(C1CCC(=O)NC1=O)C2,393.4,2.37,104.8,3.5,0.4537091358835456,0
GLUE0126,O=C1CCC(N2Cc3cccc(NC(=O)Nc4ccccc4Cl)c3C2=O)C(=O)N1,412.83,2.75,107.6,3.5,0.45455978344381887,0
GLUE1040,Cc1cccc(Cl)c1C(=O)Nc1cccc2c1C(=O)N(C1CCC(=O)NC1=O)C2,411.85,2.66,95.6,3.5,0.45470695049979726,0
GLUE2332,O=C1CCC(N2Cc3cccc(NC(=O)OC(F)(F)C(Cl)Cl)c3C2=O)C(=O)N1,436.2,2.39,104.8,3.5,0.4547198954058694,0
GLUE1251,O=C1CCC(N2Cc3cccc(NC(=O)Nc4ccc5c(c4)CCO5)c3C2=O)C(=O)N1,420.43,2.03,116.8,3.5,0.4549202497736269,0
GLUE2045,CC(C)(OC(=O)Nc1cccc2c1C(=O)N(C1CCC(=O)NC1=O)C2)C(F)(F)F,413.35,2.34,104.8,3.5,0.4551416176427435,0
GLUE0424,O=C1CCC(N2Cc3cccc(NC(=O)Oc4c(F)cc(F)cc4F)c3C2=O)C(=O)N1,433.34,2.48,104.8,3.5,0.4555432966831903,0
GLUE1370,O=C1CCC(N2Cc3cccc(NC(=O)Cc4cc5ccccc5s4)c3C2=O)C(=O)N1,433.49,2.84,95.6,3.5,0.4555572044966594,0
GLUE2114,O=C1CCC(N2Cc3cccc(NC(=O)c4ccc5ccccc5c4)c3C2=O)C(=O)N1,413.43,2.85,95.6,3.5,0.45615624139264277,0
GLUE1231,Cc1ccc(CC(=O)Nc2cccc3c2C(=O)N(C2CCC(=O)NC2=O)C3)cc1C,405.45,2.25,95.6,3.5,0.4563117229945575,0
GLUE2722,O=C1CCC(N2Cc3cccc(NC(=O)Cc4ccc(Cl)s4)c3C2=O)C(=O)N1,417.87,2.34,95.6,3.5,0.4564839155055207,0
GLUE0249,Cc1ccc(NC(=O)Nc2cccc3c2C(=O)N(C2CCC(=O)NC2=O)C3)cc1,392.42,2.4,107.6,3.5,0.45717163738554784,0
GLUE0696,Cc1cccc(OC(=O)Nc2cccc3c2C(=O)N(C2CCC(=O)NC2=O)C3)c1,393.4,2.37,104.8,3.5,0.45727231478786085,0
GLUE0777,O=C1CCC(N2Cc3cccc(NC(=O)CC(Cl)(Cl)Cl)c3C2=O)C(=O)N1,418.66,2.15,95.6,3.5,0.4593889438564714,0
GLUE1375,O=C1CCC(N2Cc3cccc(NC(=O)Cc4ccc5ncccc5c4)c3C2=O)C(=O)N1,428.45,2.18,108.5,3.5,0.45961920319320093,0
GLUE0123,O=C1CCC(N2Cc3cccc(NC(=O)c4ccccc4Cl)c3C2=O)C(=O)N1,397.82,2.35,95.6,3.5,0.45998124568588883,0
GLUE0140,O=C1CCC(N2Cc3cccc(NC(=O)Nc4cccs4)c3C2=O)C(=O)N1,384.42,2.15,107.6,3.5,0.4602454911461939,0
GLUE0092,O=C1CCC(N2Cc3cccc(NC(=O)OC4CCCCC4)c3C2=O)C(=O)N1,385.42,2.33,104.8,3.5,0.4606164733121946,0
GLUE0125,O=C1CCC(N2Cc3cccc(NC(=O)Cc4ccccc4Cl)c3C2=O)C(=O)N1,411.85,2.28,95.6,3.5,0.46079312858368415,0
GLUE2407,Cc1ccc(C)c(C(=O)Nc2cccc3c2C(=O)N(C2CCC(=O)NC2=O)C3)c1,391.43,2.32,95.6,3.5,0.4610149662701725,0
GLUE2322,O=C1CCC(N2Cc3cccc(NC(=O)OC(Cl)C(F)(F)F)c3C2=O)C(=O)N1,419.74,2.12,104.8,3.5,0.4611886160614322,0
GLUE0454,O=C1CCC(N2Cc3cccc(NC(=O)Oc4ccccc4F)c3C2=O)C(=O)N1,397.36,2.2,104.8,3.5,0.461689459664298,0
GLUE1411,C#Cc1cccc(NC(=O)Nc2cccc3c2C(=O)N(C2CCC(=O)NC2=O)C3)c1,402.41,2.07,107.6,3.5,0.4618797761303556,0
GLUE0231,Cc1ccccc1C(=O)Nc1cccc2c1C(=O)N(C1CCC(=O)NC1=O)C2,377.4,2.01,95.6,3.5,0.4629450812590564,0
GLUE0423,O=C1CCC(N2Cc3cccc(NC(=O)Nc4c(F)cc(F)cc4F)c3C2=O)C(=O)N1,432.36,2.51,107.6,3.5,0.4650130091860876,0
GLUE0258,O=C1CCC(N2Cc3cccc(NC(=O)Cc4cccc(Cl)c4Cl)c3C2=O)C(=O)N1,446.29,2.94,95.6,3.5,0.4655286117497555,0
GLUE0695,Cc1cccc(NC(=O)Nc2cccc3c2C(=O)N(C2CCC(=O)NC2=O)C3)c1,392.42,2.4,107.6,3.5,0.46649688021569213,0
GLUE2327,O=C1CCC(N2Cc3cccc(NC(=O)OC(F)(F)C(F)Cl)c3C2=O)C(=O)N1,419.74,2.12,104.8,3.5,0.46665202033313513,0
GLUE2116,O=C1CCC(N2Cc3cccc(NC(=O)Cc4ccc5ccccc5c4)c3C2=O)C(=O)N1,427.46,2.78,95.6,3.5,0.4685085292377495,0
GLUE0626,O=C1CCC(N2Cc3cccc(NC(=O)ON[C@@H]4CCc5ccccc54)c3C2=O)C(=O)N1,434.45,2.19,116.8,3.5,0.4686230606468711,0
GLUE0579,Cn1cc(CC(=O)Nc2cccc3c2C(=O)N(C2CCC(=O)NC2=O)C3)c2ccccc21,430.46,2.12,100.5,3.5,0.4688751346164846,0
GLUE2730,O=C1CCC(N2Cc3cccc(NC(=O)c4cccc(Cl)c4F)c3C2=O)C(=O)N1,415.81,2.49,95.6,3.5,0.4691240533655386,0
GLUE1509,CC1(C)C2CCC(C2)C1(C)NC(=O)Nc1cccc2c1C(=O)N(C1CCC(=O)NC1=O)C2,438.53,2.78,107.6,3.5,0.4696039347353796,0
GLUE2734,O=C1CCC(N2Cc3cccc(NC(=O)Oc4cccc(Cl)c4F)c3C2=O)C(=O)N1,431.81,2.85,104.8,3.5,0.47050547688449296,0
GLUE2732,O=C1CCC(N2Cc3cccc(NC(=O)Cc4cccc(Cl)c4F)c3C2=O)C(=O)N1,429.84,2.42,95.6,3.5,0.47088007827160316,0
GLUE1232,Cc1ccc(NC(=O)Nc2cccc3c2C(=O)N(C2CCC(=O)NC2=O)C3)cc1C,406.44,2.71,107.6,3.5,0.47145038078068163,0
GLUE2348,O=C1CCC(N2Cc3cccc(NC(=O)C(C(F)(F)F)C(F)(F)F)c3C2=O)C(=O)N1,437.3,2.13,95.6,3.5,0.4730746520900834,0
GLUE1082,O=C1CCC(N2Cc3cccc(NC(=O)Cc4cccc5c4CCCC5=O)c3C2=O)C(=O)N1,445.48,2.15,112.7,3.5,0.47346938898136415,0
GLUE0169,O=C1CCC(N2Cc3cccc(NC(=O)Cc4c(Cl)cccc4Cl)c3C2=O)C(=O)N1,446.29,2.94,95.6,3.5,0.47544033445111406,0
GLUE0003,O=C1CCC(N2Cc3cccc(NC(=O)Nc4ccccc4)c3C2=O)C(=O)N1,378.39,2.09,107.6,3.5,0.47554594284553703,0
GLUE0165,O=C1CCC(N2Cc3cccc(NC(=O)Nc4ccc(F)cc4F)c3C2=O)C(=O)N1,414.37,2.37,107.6,3.5,0.4760460138478732,0
GLUE2429,O=C1CCC(N2Cc3cccc(NC(=O)Cc4c(F)cccc4Cl)c3C2=O)C(=O)N1,429.84,2.42,95.6,3.5,0.47611888312214307,0
GLUE1257,O=C1CCC(N2Cc3cccc(NC(=O)Oc4ccc5c(c4)CCC5)c3C2=O)C(=O)N1,419.44,2.55,104.8,3.5,0.47611953374727245,0
GLUE1412,C#Cc1cccc(OC(=O)Nc2cccc3c2C(=O)N(C2CCC(=O)NC2=O)C3)c1,403.39,2.04,104.8,3.5,0.4761596843139613,0
GLUE1438,O=C1CCC(N2Cc3cccc(NC(=O)c4cccc5sccc45)c3C2=O)C(=O)N1,419.46,2.91,95.6,3.5,0.47652726362254166,0
GLUE0058,O=C1CCC(N2Cc3cccc(NC(=O)Oc4ccc(F)cc4)c3C2=O)C(=O)N1,397.36,2.2,104.8,3.5,0.4767911090668665,0
GLUE0004,O=C1CCC(N2Cc3cccc(NC(=O)Oc4ccccc4)c3C2=O)C(=O)N1,379.37,2.06,104.8,3.5,0.4794212172311844,0
GLUE0408,O=C1CCC(N2Cc3cccc(NC(=O)Nc4cccc(F)c4)c3C2=O)C(=O)N1,396.38,2.23,107.6,3.5,0.47953073062629026,0
GLUE1042,Cc1cccc(Cl)c1CC(=O)Nc1cccc2c1C(=O)N(C1CCC(=O)NC1=O)C2,425.87,2.59,95.6,3.5,0.4803970510300191,0
GLUE2431,O=C1CCC(N2Cc3cccc(NC(=O)Oc4c(F)cccc4Cl)c3C2=O)C(=O)N1,431.81,2.85,104.8,3.5,0.4809707070316908,0
GLUE1255,O=C1CCC(N2Cc3cccc(NC(=O)Cc4ccc5c(c4)CCC5)c3C2=O)C(=O)N1,417.47,2.12,95.6,3.5,0.48201784661570196,0
GLUE0420,O=C1CCC(N2Cc3cccc(NC(=O)c4c(F)cc(F)cc4F)c3C2=O)C(=O)N1,417.34,2.12,95.6,3.5,0.4836077503616569,0
GLUE0090,O=C1CCC(N2Cc3cccc(NC(=O)CC4CCCCC4)c3C2=O)C(=O)N1,383.45,2.36,95.6,3.5,0.4844678239627736,0
GLUE2068,O=C1CCC(N2Cc3cccc(NC(=O)Cc4ccc(Cl)c(Cl)c4)c3C2=O)C(=O)N1,446.29,2.94,95.6,3.5,0.48759906047222107,0
GLUE0622,O=C1CCC(N2Cc3cccc(NC(=O)N[C@@H]4CCc5ccccc54)c3C2=O)C(=O)N1,418.45,2.26,107.6,3.5,0.48845318774951973,0
GLUE0236,O=C1CCC(N2Cc3cccc(NC(=O)c4cccc5ccccc45)c3C2=O)C(=O)N1,413.43,2.85,95.6,3.5,0.48872933978254934,0
GLUE2430,O=C1CCC(N2Cc3cccc(NC(=O)Nc4c(F)cccc4Cl)c3C2=O)C(=O)N1,430.82,2.88,107.6,3.5,0.4894509735700651,0
GLUE1767,N#Cc1ccc(C(=O)Nc2cccc3c2C(=O)N(C2CCC(=O)NC2=O)C3)cc1Cl,422.83,2.22,119.4,3.5,0.4930293313639243,0
GLUE0756,O=C1CCC(N2Cc3cccc(NC(=O)Oc4cc(F)ccc4F)c3C2=O)C(=O)N1,415.35,2.34,104.8,3.5,0.4935065789304007,0
GLUE2039,Cc1cc(C)cc(NC(=O)Nc2cccc3c2C(=O)N(C2CCC(=O)NC2=O)C3)c1,406.44,2.71,107.6,3.5,0.4943591438092249,0
GLUE2243,O=C1CCC(N2Cc3cccc(NC(=O)c4cccc5[nH]ccc45)c3C2=O)C(=O)N1,402.41,2.18,111.4,3.5,0.4958610565862635,0
GLUE0580,Cn1cc(NC(=O)Nc2cccc3c2C(=O)N(C2CCC(=O)NC2=O)C3)c2ccccc21,431.45,2.58,112.5,3.5,0.49599847342417014,0
GLUE1256,O=C1CCC(N2Cc3cccc(NC(=O)Nc4ccc5c(c4)CCC5)c3C2=O)C(=O)N1,418.45,2.58,107.6,3.5,0.49820426419592245,0
GLUE0819,O=C1CCC(N2Cc3cccc(NC(=O)Cc4ccc(F)c(Cl)c4)c3C2=O)C(=O)N1,429.84,2.42,95.6,3.5,0.4989962054152792,0
GLUE0581,Cn1cc(OC(=O)Nc2cccc3c2C(=O)N(C2CCC(=O)NC2=O)C3)c2ccccc21,432.44,2.55,109.7,3.5,0.499856573531719,0
GLUE0434,O=C1CCC(N2Cc3cccc(NC(=O)Oc4nsc5ccccc45)c3C2=O)C(=O)N1,436.45,2.67,117.7,3.5,0.5000981800739157,1
GLUE0577,Cn1cc(C(=O)Nc2cccc3c2C(=O)N(C2CCC(=O)NC2=O)C3)c2ccccc21,416.44,2.19,100.5,3.5,0.500485353200703,1
GLUE0409,O=C1CCC(N2Cc3cccc(NC(=O)Oc4cccc(F)c4)c3C2=O)C(=O)N1,397.36,2.2,104.8,3.5,0.5017408901901637,1
GLUE0127,O=C1CCC(N2Cc3cccc(NC(=O)Oc4ccccc4Cl)c3C2=O)C(=O)N1,413.82,2.71,104.8,3.5,0.5018045337833329,1
GLUE0724,CCCCCCCC(=O)Nc1cccc2c1C(=O)N(C1CCC(=O)NC1=O)C2,385.46,2.75,95.6,3.5,0.5038529898184636,1
GLUE0722,CCCCCCC(=O)Nc1cccc2c1C(=O)N(C1CCC(=O)NC1=O)C2,371.44,2.36,95.6,3.5,0.5038529898184636,1
GLUE1080,O=C1CCC(N2Cc3cccc(NC(=O)c4cccc5c4CCCC5=O)c3C2=O)C(=O)N1,431.45,2.22,112.7,3.5,0.5050406437269955,1
GLUE0455,O=C1CCC(N2Cc3cccc(NC(=O)c4c[nH]c5ccccc45)c3C2=O)C(=O)N1,402.41,2.18,111.4,3.5,0.5050432844757499,1
GLUE1769,N#Cc1ccc(CC(=O)Nc2cccc3c2C(=O)N(C2CCC(=O)NC2=O)C3)cc1Cl,436.86,2.15,119.4,3.5,0.5058584301164505,1
GLUE0432,O=C1CCC(N2Cc3cccc(NC(=O)Cc4nsc5ccccc45)c3C2=O)C(=O)N1,434.48,2.24,108.5,3.5,0.5063161276060346,1
GLUE1368,O=C1CCC(N2Cc3cccc(NC(=O)c4cc5ccccc5s4)c3C2=O)C(=O)N1,419.46,2.91,95.6,3.5,0.5065995076148851,1
GLUE0460,O=C1CCC(N2Cc3cccc(NC(=O)c4ccc(Br)cc4)c3C2=O)C(=O)N1,442.27,2.46,95.6,3.5,0.5073839958936232,1
GLUE0817,O=C1CCC(N2Cc3cccc(NC(=O)c4ccc(F)c(Cl)c4)c3C2=O)C(=O)N1,415.81,2.49,95.6,3.5,0.5118175853413254,1
GLUE0820,O=C1CCC(N2Cc3cccc(NC(=O)Nc4ccc(F)c(Cl)c4)c3C2=O)C(=O)N1,430.82,2.88,107.6,3.5,0.5124491968697565,1
GLUE2427,O=C1CCC(N2Cc3cccc(NC(=O)c4c(F)cccc4Cl)c3C2=O)C(=O)N1,415.81,2.49,95.6,3.5,0.5153425090373208,1
GLUE0166,O=C1CCC(N2Cc3cccc(NC(=O)Oc4ccc(F)cc4F)c3C2=O)C(=O)N1,415.35,2.34,104.8,3.5,0.5155027907303187,1
GLUE1041,Cc1cccc(Cl)c1S(=O)(=O)Nc1cccc2c1C(=O)N(C1CCC(=O)NC1=O)C2,447.9,2.21,112.7,3.5,0.5156917875175716,1
GLUE0335,O=C1CCC(N2Cc3cccc(NC(=O)c4cccc(Cl)c4)c3C2=O)C(=O)N1,397.82,2.35,95.6,3.5,0.5157093653818591,1
GLUE0755,O=C1CCC(N2Cc3cccc(NC(=O)Nc4cc(F)ccc4F)c3C2=O)C(=O)N1,414.37,2.37,107.6,3.5,0.5190502320811667,1
GLUE0725,CCCCCCNC(=O)Nc1cccc2c1C(=O)N(C1CCC(=O)NC1=O)C2,386.45,2.15,107.6,3.5,0.5253905133872585,1
GLUE1657,O=C1CCC(N2Cc3cccc(NC(=O)C[C@H]4CCc5c(O)cccc5C4)c3C2=O)C(=O)N1,447.49,2.29,115.8,3.5,0.5260548073991413,1
GLUE0858,CCCCCOC(=O)Nc1cccc2c1C(=O)N(C1CCC(=O)NC1=O)C2,373.41,2.19,104.8,3.5,0.5268847603341503,1
GLUE1134,CN1C2CCCC1CC(OC(=O)Nc1cccc3c1C(=O)N(C1CCC(=O)NC1=O)C3)C2,440.5,2.01,108.1,3.5,0.5278795088007716,1
GLUE0057,O=C1CCC(N2Cc3cccc(NC(=O)Nc4ccc(F)cc4)c3C2=O)C(=O)N1,396.38,2.23,107.6,3.5,0.5280557072611483,1
GLUE0430,O=C1CCC(N2Cc3cccc(NC(=O)c4nsc5ccccc45)c3C2=O)C(=O)N1,420.45,2.31,108.5,3.5,0.5294761332332122,1
GLUE0726,CCCCCCOC(=O)Nc1cccc2c1C(=O)N(C1CCC(=O)NC1=O)C2,387.44,2.58,104.8,3.5,0.5352513336301353,1
GLUE1132,CN1C2CCCC1CC(CC(=O)Nc1cccc3c1C(=O)N(C1CCC(=O)NC1=O)C3)C2,438.53,2.04,98.8,3.5,0.54391299774715,1
GLUE0821,O=C1CCC(N2Cc3cccc(NC(=O)Oc4ccc(F)c(Cl)c4)c3C2=O)C(=O)N1,431.81,2.85,104.8,3.5,0.5441820361951086,1
GLUE2051,N#Cc1cc(Cl)cc(C(=O)Nc2cccc3c2C(=O)N(C2CCC(=O)NC2=O)C3)c1,422.83,2.22,119.4,3.5,0.5476277168276916,1
GLUE0237,O=C1CCC(N2Cc3cccc(NS(=O)(=O)c4cccc5ccccc45)c3C2=O)C(=O)N1,449.49,2.4,112.7,3.5,0.5648264986512657,1
GLUE2115,O=C1CCC(N2Cc3cccc(NS(=O)(=O)c4ccc5ccccc5c4)c3C2=O)C(=O)N1,449.49,2.4,112.7,3.5,0.5657572179110287,1
GLUE0736,O=C1CCC(N2Cc3cccc(NC(=O)Oc4ccc(Cl)cn4)c3C2=O)C(=O)N1,414.81,2.11,117.7,3.5,0.572541461864416,1
GLUE2053,N#Cc1cc(Cl)cc(CC(=O)Nc2cccc3c2C(=O)N(C2CCC(=O)NC2=O)C3)c1,436.86,2.15,119.4,3.5,0.5739571907537011,1
GLUE0337,O=C1CCC(N2Cc3cccc(NC(=O)Cc4cccc(Cl)c4)c3C2=O)C(=O)N1,411.85,2.28,95.6,3.5,0.5775630209640078,1
GLUE0338,O=C1CCC(N2Cc3cccc(NC(=O)Nc4cccc(Cl)c4)c3C2=O)C(=O)N1,412.83,2.75,107.6,3.5,0.5789700433079275,1
GLUE1430,O=C1CCC(N2Cc3cccc(NC(=O)Cc4cc(Cl)cc(Cl)c4)c3C2=O)C(=O)N1,446.29,2.94,95.6,3.5,0.5835340827998026,1
GLUE0062,O=C1CCC(N2Cc3cccc(NC(=O)Nc4ccc(Cl)cc4)c3C2=O)C(=O)N1,412.83,2.75,107.6,3.5,0.6126033573687982,1
GLUE2131,O=C1CCC(N2Cc3cccc(NC(=O)Cc4ccc(Cl)cc4Cl)c3C2=O)C(=O)N1,446.29,2.94,95.6,3.5,0.6172344766451473,1
GLUE0063,O=C1CCC(N2Cc3cccc(NC(=O)Oc4ccc(Cl)cc4)c3C2=O)C(=O)N1,413.82,2.71,104.8,3.5,0.618404093897269,1
GLUE0061,O=C1CCC(N2Cc3cccc(NC(=O)Cc4ccc(Cl)cc4)c3C2=O)C(=O)N1,411.85,2.28,95.6,3.5,0.6231563077689523,1
GLUE0059,O=C1CCC(N2Cc3cccc(NC(=O)c4ccc(Cl)cc4)c3C2=O)C(=O)N1,397.82,2.35,95.6,3.5,0.625097373449527,1
GLUE0339,O=C1CCC(N2Cc3cccc(NC(=O)Oc4cccc(Cl)c4)c3C2=O)C(=O)N1,413.82,2.71,104.8,3.5,0.6307091473647066,1
GLUE0311,O=C1CCC(N2Cc3cccc(NC(=O)c4ccnc5cc(Cl)ccc45)c3C2=O)C(=O)N1,448.87,2.9,108.5,3.5,0.654142420297057,1
GLUE2583,O=C1CCC(N2Cc3cccc(NC(=O)c4cc(Cl)ccc4O)c3C2=O)C(=O)N1,413.82,2.06,115.8,3.5,0.658136459063314,1
