rank,glue_id,smiles,inchikey,linker,source_fragment,mw,clogp,tpsa,hbd,hba,rtb,aromatic_rings,fsp3,qed,pka_basic_est,cns_mpo_proxy,cns_mpo_wager_approx,gate_mw_lt450,gate_clogp_2_4,gate_tpsa_lt90,gate_mpo_ge4,gate_pains_free,gate_anchor,gate_tpsa_lt120_fb,gate_mpo_ge3p5_fb,passes_all_gates,passes_fallback,vina_kcal_mol
1,GLUE0231,Cc1ccccc1C(=O)Nc1cccc2c1C(=O)N(C1CCC(=O)NC1=O)C2,GGVILTXJFNCTOC-UHFFFAOYSA-N,amide,*c1ccccc1C,377.4,2.01,95.6,2,4,3,2,0.238,0.8,5.0,3.5,5.19,True,True,False,False,True,True,True,True,False,True,-6.9
2,GLUE0246,Cc1ccc(C(=O)Nc2cccc3c2C(=O)N(C2CCC(=O)NC2=O)C3)cc1,VZSJVLNSVTYBFL-UHFFFAOYSA-N,amide,*c1ccc(C)cc1,377.4,2.01,95.6,2,4,3,2,0.238,0.8,5.0,3.5,5.19,True,True,False,False,True,True,True,True,False,True,-7.006
3,GLUE0692,Cc1cccc(C(=O)Nc2cccc3c2C(=O)N(C2CCC(=O)NC2=O)C3)c1,ASEBNTLHRSJWFK-UHFFFAOYSA-N,amide,*c1cccc(C)c1,377.4,2.01,95.6,2,4,3,2,0.238,0.8,5.0,3.5,5.19,True,True,False,False,True,True,True,True,False,True,-6.415
4,GLUE0004,O=C1CCC(N2Cc3cccc(NC(=O)Oc4ccccc4)c3C2=O)C(=O)N1,NPHXDIPZUDSLEW-UHFFFAOYSA-N,carbamate,*c1ccccc1,379.37,2.06,104.8,2,5,3,2,0.2,0.795,5.0,3.5,4.87,True,True,False,False,True,True,True,True,False,True,-6.15
5,GLUE1185,CC(C(=O)Nc1cccc2c1C(=O)N(C1CCC(=O)NC1=O)C2)C(C)(C)C,BLTGUCYFZIJPCX-UHFFFAOYSA-N,amide,*C(C)C(C)(C)C,371.44,2.07,95.6,2,4,3,1,0.5,0.795,5.0,3.5,5.23,True,True,False,False,True,True,True,True,False,True,-6.104
6,GLUE0870,CC(C)(C)CCC(=O)Nc1cccc2c1C(=O)N(C1CCC(=O)NC1=O)C2,RYTQLMIGYNFGMS-UHFFFAOYSA-N,acetamide,*CC(C)(C)C,371.44,2.21,95.6,2,4,4,1,0.5,0.793,5.0,3.5,5.23,True,True,False,False,True,True,True,True,False,True,-6.082
7,GLUE0872,CC(C)(C)COC(=O)Nc1cccc2c1C(=O)N(C1CCC(=O)NC1=O)C2,JZXFEIFFQOEAPZ-UHFFFAOYSA-N,carbamate,*CC(C)(C)C,373.41,2.04,104.8,2,5,3,1,0.474,0.789,5.0,3.5,4.91,True,True,False,False,True,True,True,True,False,True,-6.453
8,GLUE0141,O=C1CCC(N2Cc3cccc(NC(=O)Oc4cccs4)c3C2=O)C(=O)N1,JGPBDKXQBOKWNI-UHFFFAOYSA-N,carbamate,*c1cccs1,385.4,2.12,104.8,2,6,3,2,0.222,0.788,5.0,3.5,4.82,True,True,False,False,True,True,True,True,False,True,-6.172
9,GLUE1089,O=C1CCC(N2Cc3cccc(NC(=O)Oc4ccsc4)c3C2=O)C(=O)N1,YFRBISNNFLDKIZ-UHFFFAOYSA-N,carbamate,*c1ccsc1,385.4,2.12,104.8,2,6,3,2,0.222,0.788,5.0,3.5,4.82,True,True,False,False,True,True,True,True,False,True,-5.922
10,GLUE0103,Cc1cccc(C)c1C(=O)Nc1cccc2c1C(=O)N(C1CCC(=O)NC1=O)C2,KJZZLYOJYUQAAR-UHFFFAOYSA-N,amide,*c1c(C)cccc1C,391.43,2.32,95.6,2,4,3,2,0.273,0.785,5.0,3.5,5.09,True,True,False,False,True,True,True,True,False,True,-6.355
11,GLUE0425,Cc1ccc(C(=O)Nc2cccc3c2C(=O)N(C2CCC(=O)NC2=O)C3)c(C)c1,GTFXQUNQERXUQJ-UHFFFAOYSA-N,amide,*c1ccc(C)cc1C,391.43,2.32,95.6,2,4,3,2,0.273,0.785,5.0,3.5,5.09,True,True,False,False,True,True,True,True,False,True,-6.28
12,GLUE0597,Cc1cccc(C(=O)Nc2cccc3c2C(=O)N(C2CCC(=O)NC2=O)C3)c1C,LCFIQMYJQOGXSG-UHFFFAOYSA-N,amide,*c1cccc(C)c1C,391.43,2.32,95.6,2,4,3,2,0.273,0.785,5.0,3.5,5.09,True,True,False,False,True,True,True,True,False,True,-6.549
13,GLUE1229,Cc1ccc(C(=O)Nc2cccc3c2C(=O)N(C2CCC(=O)NC2=O)C3)cc1C,GOXWRAXQFJPVCX-UHFFFAOYSA-N,amide,*c1ccc(C)c(C)c1,391.43,2.32,95.6,2,4,3,2,0.273,0.785,5.0,3.5,5.09,True,True,False,False,True,True,True,True,False,True,-6.627
14,GLUE2036,Cc1cc(C)cc(C(=O)Nc2cccc3c2C(=O)N(C2CCC(=O)NC2=O)C3)c1,GHRXFTUWNJTFSP-UHFFFAOYSA-N,amide,*c1cc(C)cc(C)c1,391.43,2.32,95.6,2,4,3,2,0.273,0.785,5.0,3.5,5.09,True,True,False,False,True,True,True,True,False,True,-6.67
15,GLUE2407,Cc1ccc(C)c(C(=O)Nc2cccc3c2C(=O)N(C2CCC(=O)NC2=O)C3)c1,VJCOJPYGCCUIRB-UHFFFAOYSA-N,amide,*c1cc(C)ccc1C,391.43,2.32,95.6,2,4,3,2,0.273,0.785,5.0,3.5,5.09,True,True,False,False,True,True,True,True,False,True,-6.521
16,GLUE0090,O=C1CCC(N2Cc3cccc(NC(=O)CC4CCCCC4)c3C2=O)C(=O)N1,NQXCVFZPCRIZJT-UHFFFAOYSA-N,acetamide,*C1CCCCC1,383.45,2.36,95.6,2,4,4,1,0.524,0.78,5.0,3.5,5.15,True,True,False,False,True,True,True,True,False,True,-6.242
17,GLUE0235,Cc1ccccc1OC(=O)Nc1cccc2c1C(=O)N(C1CCC(=O)NC1=O)C2,GYJIAQPGDTVQKZ-UHFFFAOYSA-N,carbamate,*c1ccccc1C,393.4,2.37,104.8,2,5,3,2,0.238,0.779,5.0,3.5,4.77,True,True,False,False,True,True,True,True,False,True,-6.214
18,GLUE0250,Cc1ccc(OC(=O)Nc2cccc3c2C(=O)N(C2CCC(=O)NC2=O)C3)cc1,PIBPKTPSAOPXNI-UHFFFAOYSA-N,carbamate,*c1ccc(C)cc1,393.4,2.37,104.8,2,5,3,2,0.238,0.779,5.0,3.5,4.77,True,True,False,False,True,True,True,True,False,True,-6.627
19,GLUE0696,Cc1cccc(OC(=O)Nc2cccc3c2C(=O)N(C2CCC(=O)NC2=O)C3)c1,UHPHGUQMMRJSQH-UHFFFAOYSA-N,carbamate,*c1cccc(C)c1,393.4,2.37,104.8,2,5,3,2,0.238,0.779,5.0,3.5,4.77,True,True,False,False,True,True,True,True,False,True,-6.689
20,GLUE1187,CC(CC(=O)Nc1cccc2c1C(=O)N(C1CCC(=O)NC1=O)C2)C(C)(C)C,BEIULCYYLNMTMM-UHFFFAOYSA-N,acetamide,*C(C)C(C)(C)C,385.46,2.46,95.6,2,4,4,1,0.524,0.778,5.0,3.5,5.13,True,True,False,False,True,True,True,True,False,True,-6.067
21,GLUE0059,O=C1CCC(N2Cc3cccc(NC(=O)c4ccc(Cl)cc4)c3C2=O)C(=O)N1,UXUHUTKSXUFTJS-UHFFFAOYSA-N,amide,*c1ccc(Cl)cc1,397.82,2.35,95.6,2,4,3,2,0.2,0.777,5.0,3.5,5.04,True,True,False,False,True,True,True,True,False,True,-6.684
22,GLUE0092,O=C1CCC(N2Cc3cccc(NC(=O)OC4CCCCC4)c3C2=O)C(=O)N1,WNIJKCNXYPGNHJ-UHFFFAOYSA-N,carbamate,*C1CCCCC1,385.42,2.33,104.8,2,5,3,1,0.5,0.777,5.0,3.5,4.82,True,True,False,False,True,True,True,True,False,True,-6.342
23,GLUE0123,O=C1CCC(N2Cc3cccc(NC(=O)c4ccccc4Cl)c3C2=O)C(=O)N1,NXKHBGRBKTUBQW-UHFFFAOYSA-N,amide,*c1ccccc1Cl,397.82,2.35,95.6,2,4,3,2,0.2,0.777,5.0,3.5,5.04,True,True,False,False,True,True,True,True,False,True,-6.864
24,GLUE0335,O=C1CCC(N2Cc3cccc(NC(=O)c4cccc(Cl)c4)c3C2=O)C(=O)N1,TXEJWPQXEGRCQX-UHFFFAOYSA-N,amide,*c1cccc(Cl)c1,397.82,2.35,95.6,2,4,3,2,0.2,0.777,5.0,3.5,5.04,True,True,False,False,True,True,True,True,False,True,-6.563
25,GLUE1189,CC(OC(=O)Nc1cccc2c1C(=O)N(C1CCC(=O)NC1=O)C2)C(C)(C)C,HUBQOVIWFRBZSA-UHFFFAOYSA-N,carbamate,*C(C)C(C)(C)C,387.44,2.43,104.8,2,5,3,1,0.5,0.775,5.0,3.5,4.81,True,True,False,False,True,True,True,True,False,True,-6.855
26,GLUE0058,O=C1CCC(N2Cc3cccc(NC(=O)Oc4ccc(F)cc4)c3C2=O)C(=O)N1,FWWNKAYVTGWVPQ-UHFFFAOYSA-N,carbamate,*c1ccc(F)cc1,397.36,2.2,104.8,2,5,3,2,0.2,0.773,5.0,3.5,4.74,True,True,False,False,True,True,True,True,False,True,
27,GLUE0409,O=C1CCC(N2Cc3cccc(NC(=O)Oc4cccc(F)c4)c3C2=O)C(=O)N1,SAFOQCIGPXDLHN-UHFFFAOYSA-N,carbamate,*c1cccc(F)c1,397.36,2.2,104.8,2,5,3,2,0.2,0.773,5.0,3.5,4.74,True,True,False,False,True,True,True,True,False,True,
28,GLUE0454,O=C1CCC(N2Cc3cccc(NC(=O)Oc4ccccc4F)c3C2=O)C(=O)N1,VOWODAROASPXEO-UHFFFAOYSA-N,carbamate,*c1ccccc1F,397.36,2.2,104.8,2,5,3,2,0.2,0.773,5.0,3.5,4.74,True,True,False,False,True,True,True,True,False,True,
29,GLUE0200,CCCC(C)OC(=O)Nc1cccc2c1C(=O)N(C1CCC(=O)NC1=O)C2,KOFUVUJQMCHFHN-UHFFFAOYSA-N,carbamate,*C(C)CCC,373.41,2.18,104.8,2,5,5,1,0.474,0.77,5.0,3.5,4.91,True,True,False,False,True,True,True,True,False,True,
30,GLUE1204,CCC(CC)OC(=O)Nc1cccc2c1C(=O)N(C1CCC(=O)NC1=O)C2,QNWBCTKGDUICLU-UHFFFAOYSA-N,carbamate,*C(CC)CC,373.41,2.18,104.8,2,5,5,1,0.474,0.77,5.0,3.5,4.91,True,True,False,False,True,True,True,True,False,True,
31,GLUE0830,CC(C)CCOC(=O)Nc1cccc2c1C(=O)N(C1CCC(=O)NC1=O)C2,LXYDFIGVXINXRU-UHFFFAOYSA-N,carbamate,*CCC(C)C,373.41,2.04,104.8,2,5,5,1,0.474,0.769,5.0,3.5,4.91,True,True,False,False,True,True,True,True,False,True,
32,GLUE2720,O=C1CCC(N2Cc3cccc(NC(=O)c4ccc(Cl)s4)c3C2=O)C(=O)N1,PSOMRQSJZZUMEN-UHFFFAOYSA-N,amide,*c1ccc(Cl)s1,403.85,2.41,95.6,2,5,3,2,0.222,0.769,5.0,3.5,5.0,True,True,False,False,True,True,True,True,False,True,
33,GLUE1253,O=C1CCC(N2Cc3cccc(NC(=O)c4ccc5c(c4)CCC5)c3C2=O)C(=O)N1,DEUXASVCVKQKLV-UHFFFAOYSA-N,amide,*c1ccc2c(c1)CCC2,403.44,2.19,95.6,2,4,3,2,0.304,0.768,5.0,3.5,5.0,True,True,False,False,True,True,True,True,False,True,
34,GLUE0105,Cc1cccc(C)c1CC(=O)Nc1cccc2c1C(=O)N(C1CCC(=O)NC1=O)C2,DVAOLKJTLGCURF-UHFFFAOYSA-N,acetamide,*c1c(C)cccc1C,405.45,2.25,95.6,2,4,4,2,0.304,0.763,5.0,3.5,4.99,True,True,False,False,True,True,True,True,False,True,
35,GLUE0427,Cc1ccc(CC(=O)Nc2cccc3c2C(=O)N(C2CCC(=O)NC2=O)C3)c(C)c1,XZMNGFHIGJIOLM-UHFFFAOYSA-N,acetamide,*c1ccc(C)cc1C,405.45,2.25,95.6,2,4,4,2,0.304,0.763,5.0,3.5,4.99,True,True,False,False,True,True,True,True,False,True,
36,GLUE0599,Cc1cccc(CC(=O)Nc2cccc3c2C(=O)N(C2CCC(=O)NC2=O)C3)c1C,YCRKJONBJNHTDM-UHFFFAOYSA-N,acetamide,*c1cccc(C)c1C,405.45,2.25,95.6,2,4,4,2,0.304,0.763,5.0,3.5,4.99,True,True,False,False,True,True,True,True,False,True,
37,GLUE1231,Cc1ccc(CC(=O)Nc2cccc3c2C(=O)N(C2CCC(=O)NC2=O)C3)cc1C,MJDMKRDMKMYENG-UHFFFAOYSA-N,acetamide,*c1ccc(C)c(C)c1,405.45,2.25,95.6,2,4,4,2,0.304,0.763,5.0,3.5,4.99,True,True,False,False,True,True,True,True,False,True,
38,GLUE2038,Cc1cc(C)cc(CC(=O)Nc2cccc3c2C(=O)N(C2CCC(=O)NC2=O)C3)c1,XLYKPIDJXDKZOC-UHFFFAOYSA-N,acetamide,*c1cc(C)cc(C)c1,405.45,2.25,95.6,2,4,4,2,0.304,0.763,5.0,3.5,4.99,True,True,False,False,True,True,True,True,False,True,
39,GLUE2409,Cc1ccc(C)c(CC(=O)Nc2cccc3c2C(=O)N(C2CCC(=O)NC2=O)C3)c1,HXBHZAGPFHBMDU-UHFFFAOYSA-N,acetamide,*c1cc(C)ccc1C,405.45,2.25,95.6,2,4,4,2,0.304,0.763,5.0,3.5,4.99,True,True,False,False,True,True,True,True,False,True,
40,GLUE0107,Cc1cccc(C)c1OC(=O)Nc1cccc2c1C(=O)N(C1CCC(=O)NC1=O)C2,RMLCRDLSJREKKD-UHFFFAOYSA-N,carbamate,*c1c(C)cccc1C,407.43,2.68,104.8,2,5,3,2,0.273,0.761,5.0,3.5,4.58,True,True,False,False,True,True,True,True,False,True,
41,GLUE0429,Cc1ccc(OC(=O)Nc2cccc3c2C(=O)N(C2CCC(=O)NC2=O)C3)c(C)c1,REOLAWWBEVUYLR-UHFFFAOYSA-N,carbamate,*c1ccc(C)cc1C,407.43,2.68,104.8,2,5,3,2,0.273,0.761,5.0,3.5,4.58,True,True,False,False,True,True,True,True,False,True,
42,GLUE0601,Cc1cccc(OC(=O)Nc2cccc3c2C(=O)N(C2CCC(=O)NC2=O)C3)c1C,ICDBIWDIRIHMJE-UHFFFAOYSA-N,carbamate,*c1cccc(C)c1C,407.43,2.68,104.8,2,5,3,2,0.273,0.761,5.0,3.5,4.58,True,True,False,False,True,True,True,True,False,True,
43,GLUE1233,Cc1ccc(OC(=O)Nc2cccc3c2C(=O)N(C2CCC(=O)NC2=O)C3)cc1C,MLTUCFBUTLVWOT-UHFFFAOYSA-N,carbamate,*c1ccc(C)c(C)c1,407.43,2.68,104.8,2,5,3,2,0.273,0.761,5.0,3.5,4.58,True,True,False,False,True,True,True,True,False,True,
44,GLUE2040,Cc1cc(C)cc(OC(=O)Nc2cccc3c2C(=O)N(C2CCC(=O)NC2=O)C3)c1,TZQDZYSUDSFYHW-UHFFFAOYSA-N,carbamate,*c1cc(C)cc(C)c1,407.43,2.68,104.8,2,5,3,2,0.273,0.761,5.0,3.5,4.58,True,True,False,False,True,True,True,True,False,True,
45,GLUE2411,Cc1ccc(C)c(OC(=O)Nc2cccc3c2C(=O)N(C2CCC(=O)NC2=O)C3)c1,DKZZQRGYFJAOTR-UHFFFAOYSA-N,carbamate,*c1cc(C)ccc1C,407.43,2.68,104.8,2,5,3,2,0.273,0.761,5.0,3.5,4.58,True,True,False,False,True,True,True,True,False,True,
46,GLUE1040,Cc1cccc(Cl)c1C(=O)Nc1cccc2c1C(=O)N(C1CCC(=O)NC1=O)C2,ZSVWQELJFCDCGE-UHFFFAOYSA-N,amide,*c1c(C)cccc1Cl,411.85,2.66,95.6,2,4,3,2,0.238,0.759,5.0,3.5,4.86,True,True,False,False,True,True,True,True,False,True,
47,GLUE0061,O=C1CCC(N2Cc3cccc(NC(=O)Cc4ccc(Cl)cc4)c3C2=O)C(=O)N1,VEDQKUBABANVIS-UHFFFAOYSA-N,acetamide,*c1ccc(Cl)cc1,411.85,2.28,95.6,2,4,4,2,0.238,0.754,5.0,3.5,4.94,True,True,False,False,True,True,True,True,False,True,
48,GLUE0125,O=C1CCC(N2Cc3cccc(NC(=O)Cc4ccccc4Cl)c3C2=O)C(=O)N1,PIIDRGQNTSBBNV-UHFFFAOYSA-N,acetamide,*c1ccccc1Cl,411.85,2.28,95.6,2,4,4,2,0.238,0.754,5.0,3.5,4.94,True,True,False,False,True,True,True,True,False,True,
49,GLUE0337,O=C1CCC(N2Cc3cccc(NC(=O)Cc4cccc(Cl)c4)c3C2=O)C(=O)N1,NWWGYJXJECHMTQ-UHFFFAOYSA-N,acetamide,*c1cccc(Cl)c1,411.85,2.28,95.6,2,4,4,2,0.238,0.754,5.0,3.5,4.94,True,True,False,False,True,True,True,True,False,True,
50,GLUE0063,O=C1CCC(N2Cc3cccc(NC(=O)Oc4ccc(Cl)cc4)c3C2=O)C(=O)N1,UZTBNYPNRHEOSL-UHFFFAOYSA-N,carbamate,*c1ccc(Cl)cc1,413.82,2.71,104.8,2,5,3,2,0.2,0.753,5.0,3.5,4.52,True,True,False,False,True,True,True,True,False,True,
51,GLUE0127,O=C1CCC(N2Cc3cccc(NC(=O)Oc4ccccc4Cl)c3C2=O)C(=O)N1,QLHIIYHOEWEIQR-UHFFFAOYSA-N,carbamate,*c1ccccc1Cl,413.82,2.71,104.8,2,5,3,2,0.2,0.753,5.0,3.5,4.52,True,True,False,False,True,True,True,True,False,True,
52,GLUE0339,O=C1CCC(N2Cc3cccc(NC(=O)Oc4cccc(Cl)c4)c3C2=O)C(=O)N1,JAKYMGGNESBJIM-UHFFFAOYSA-N,carbamate,*c1cccc(Cl)c1,413.82,2.71,104.8,2,5,3,2,0.2,0.753,5.0,3.5,4.52,True,True,False,False,True,True,True,True,False,True,
53,GLUE0817,O=C1CCC(N2Cc3cccc(NC(=O)c4ccc(F)c(Cl)c4)c3C2=O)C(=O)N1,IMDFCEPLCWQDNB-UHFFFAOYSA-N,amide,*c1ccc(F)c(Cl)c1,415.81,2.49,95.6,2,4,3,2,0.2,0.753,5.0,3.5,4.92,True,True,False,False,True,True,True,True,False,True,
54,GLUE2427,O=C1CCC(N2Cc3cccc(NC(=O)c4c(F)cccc4Cl)c3C2=O)C(=O)N1,BDSCQEOCFQXKBS-UHFFFAOYSA-N,amide,*c1c(F)cccc1Cl,415.81,2.49,95.6,2,4,3,2,0.2,0.753,5.0,3.5,4.92,True,True,False,False,True,True,True,True,False,True,
55,GLUE2730,O=C1CCC(N2Cc3cccc(NC(=O)c4cccc(Cl)c4F)c3C2=O)C(=O)N1,PTGDSNJDTPLPDD-UHFFFAOYSA-N,amide,*c1cccc(Cl)c1F,415.81,2.49,95.6,2,4,3,2,0.2,0.753,5.0,3.5,4.92,True,True,False,False,True,True,True,True,False,True,
56,GLUE0198,CCCC(C)CC(=O)Nc1cccc2c1C(=O)N(C1CCC(=O)NC1=O)C2,VYYLDVRPQPAQEZ-UHFFFAOYSA-N,acetamide,*C(C)CCC,371.44,2.21,95.6,2,4,6,1,0.5,0.75,5.0,3.5,5.23,True,True,False,False,True,True,True,True,False,True,
57,GLUE0828,CC(C)CCCC(=O)Nc1cccc2c1C(=O)N(C1CCC(=O)NC1=O)C2,HFFRYFCJCBGRPI-UHFFFAOYSA-N,acetamide,*CCC(C)C,371.44,2.21,95.6,2,4,6,1,0.5,0.75,5.0,3.5,5.23,True,True,False,False,True,True,True,True,False,True,
58,GLUE1202,CCC(CC)CC(=O)Nc1cccc2c1C(=O)N(C1CCC(=O)NC1=O)C2,JTPSRPDEHPRQBT-UHFFFAOYSA-N,acetamide,*C(CC)CC,371.44,2.21,95.6,2,4,6,1,0.5,0.75,5.0,3.5,5.23,True,True,False,False,True,True,True,True,False,True,
59,GLUE0166,O=C1CCC(N2Cc3cccc(NC(=O)Oc4ccc(F)cc4F)c3C2=O)C(=O)N1,AHSYUYRGZDCPGV-UHFFFAOYSA-N,carbamate,*c1ccc(F)cc1F,415.35,2.34,104.8,2,5,3,2,0.2,0.749,5.0,3.5,4.61,True,True,False,False,True,True,True,True,False,True,
60,GLUE0756,O=C1CCC(N2Cc3cccc(NC(=O)Oc4cc(F)ccc4F)c3C2=O)C(=O)N1,DVHPFEFCWHLRDH-UHFFFAOYSA-N,carbamate,*c1cc(F)ccc1F,415.35,2.34,104.8,2,5,3,2,0.2,0.749,5.0,3.5,4.61,True,True,False,False,True,True,True,True,False,True,
61,GLUE1437,O=C1CCC(N2Cc3cccc(NC(=O)Oc4c(F)cccc4F)c3C2=O)C(=O)N1,LPDHCMLAHREDIP-UHFFFAOYSA-N,carbamate,*c1c(F)cccc1F,415.35,2.34,104.8,2,5,3,2,0.2,0.749,5.0,3.5,4.61,True,True,False,False,True,True,True,True,False,True,
62,GLUE0420,O=C1CCC(N2Cc3cccc(NC(=O)c4c(F)cc(F)cc4F)c3C2=O)C(=O)N1,HONWVSJEVSXLIX-UHFFFAOYSA-N,amide,*c1c(F)cc(F)cc1F,417.34,2.12,95.6,2,4,3,2,0.2,0.748,5.0,3.5,4.9,True,True,False,False,True,True,True,True,False,True,
63,GLUE1546,O=C1CCC(N2Cc3cccc(NC(=O)N4CCCCCCC4)c3C2=O)C(=O)N1,GKAKKRHENCFEOL-UHFFFAOYSA-N,amide,*N1CCCCCCC1,398.46,2.25,98.8,2,4,2,1,0.524,0.747,5.0,3.5,4.93,True,True,False,False,True,True,True,True,False,True,
64,GLUE2722,O=C1CCC(N2Cc3cccc(NC(=O)Cc4ccc(Cl)s4)c3C2=O)C(=O)N1,GTHYCWVHHFVZRT-UHFFFAOYSA-N,acetamide,*c1ccc(Cl)s1,417.87,2.34,95.6,2,5,4,2,0.263,0.746,5.0,3.5,4.9,True,True,False,False,True,True,True,True,False,True,
65,GLUE1255,O=C1CCC(N2Cc3cccc(NC(=O)Cc4ccc5c(c4)CCC5)c3C2=O)C(=O)N1,GXCULIIGOXDWEJ-UHFFFAOYSA-N,acetamide,*c1ccc2c(c1)CCC2,417.47,2.12,95.6,2,4,4,2,0.333,0.745,5.0,3.5,4.9,True,True,False,False,True,True,True,True,False,True,
66,GLUE1257,O=C1CCC(N2Cc3cccc(NC(=O)Oc4ccc5c(c4)CCC5)c3C2=O)C(=O)N1,PSWWALMGUXHDPW-UHFFFAOYSA-N,carbamate,*c1ccc2c(c1)CCC2,419.44,2.55,104.8,2,5,3,2,0.304,0.744,5.0,3.5,4.56,True,True,False,False,True,True,True,True,False,True,
67,GLUE2043,CC(C)(CC(=O)Nc1cccc2c1C(=O)N(C1CCC(=O)NC1=O)C2)C(F)(F)F,IDFKQXYSLQRYPE-UHFFFAOYSA-N,acetamide,*C(C)(C)C(F)(F)F,411.38,2.36,95.6,2,4,4,1,0.474,0.744,5.0,3.5,4.95,True,True,False,False,True,True,True,True,False,True,
68,GLUE2724,O=C1CCC(N2Cc3cccc(NC(=O)Oc4ccc(Cl)s4)c3C2=O)C(=O)N1,MUNAZKSMCQKQQM-UHFFFAOYSA-N,carbamate,*c1ccc(Cl)s1,419.85,2.77,104.8,2,6,3,2,0.222,0.744,5.0,3.5,4.44,True,True,False,False,True,True,True,True,False,True,
69,GLUE0736,O=C1CCC(N2Cc3cccc(NC(=O)Oc4ccc(Cl)cn4)c3C2=O)C(=O)N1,IBGSBPDCDXOFRN-UHFFFAOYSA-N,carbamate,*c1ccc(Cl)cn1,414.81,2.11,117.7,2,6,3,2,0.211,0.743,5.0,3.5,4.19,True,True,False,False,True,True,True,True,False,True,
70,GLUE2045,CC(C)(OC(=O)Nc1cccc2c1C(=O)N(C1CCC(=O)NC1=O)C2)C(F)(F)F,NDFMCPWVJRJLKC-UHFFFAOYSA-N,carbamate,*C(C)(C)C(F)(F)F,413.35,2.34,104.8,2,5,3,1,0.444,0.741,5.0,3.5,4.63,True,True,False,False,True,True,True,True,False,True,
71,GLUE1042,Cc1cccc(Cl)c1CC(=O)Nc1cccc2c1C(=O)N(C1CCC(=O)NC1=O)C2,JAVUQYPLETXCAK-UHFFFAOYSA-N,acetamide,*c1c(C)cccc1Cl,425.87,2.59,95.6,2,4,4,2,0.273,0.736,5.0,3.5,4.8,True,True,False,False,True,True,True,True,False,True,
72,GLUE1767,N#Cc1ccc(C(=O)Nc2cccc3c2C(=O)N(C2CCC(=O)NC2=O)C3)cc1Cl,KGZFQPPSBYNSNC-UHFFFAOYSA-N,amide,*c1ccc(C#N)c(Cl)c1,422.83,2.22,119.4,2,5,3,2,0.19,0.735,5.0,3.5,4.07,True,True,False,False,True,True,True,True,False,True,
73,GLUE2051,N#Cc1cc(Cl)cc(C(=O)Nc2cccc3c2C(=O)N(C2CCC(=O)NC2=O)C3)c1,LVLMRRFFOLVCOB-UHFFFAOYSA-N,amide,*c1cc(Cl)cc(C#N)c1,422.83,2.22,119.4,2,5,3,2,0.19,0.735,5.0,3.5,4.07,True,True,False,False,True,True,True,True,False,True,
74,GLUE1550,O=C1CCC(N2Cc3cccc(NC(=O)ON4CCCCCCC4)c3C2=O)C(=O)N1,VLRQKTBNPQHOHQ-UHFFFAOYSA-N,carbamate,*N1CCCCCCC1,414.46,2.18,108.1,2,6,3,1,0.524,0.734,9.5,3.5,3.76,True,True,False,False,True,True,True,True,False,True,
75,GLUE1506,CC1(C)C2CCC(C2)C1(C)C(=O)Nc1cccc2c1C(=O)N(C1CCC(=O)NC1=O)C2,LWEYWYOAOGRGPO-UHFFFAOYSA-N,amide,*C1(C)C2CCC(C2)C1(C)C,423.51,2.85,95.6,2,4,3,1,0.583,0.731,5.0,3.5,4.69,True,True,False,False,True,True,True,True,False,True,
76,GLUE0819,O=C1CCC(N2Cc3cccc(NC(=O)Cc4ccc(F)c(Cl)c4)c3C2=O)C(=O)N1,CJNCPWQYQJGWLK-UHFFFAOYSA-N,acetamide,*c1ccc(F)c(Cl)c1,429.84,2.42,95.6,2,4,4,2,0.238,0.73,5.0,3.5,4.82,True,True,False,False,True,True,True,True,False,True,
77,GLUE2429,O=C1CCC(N2Cc3cccc(NC(=O)Cc4c(F)cccc4Cl)c3C2=O)C(=O)N1,MMRIOIXPJIYDOZ-UHFFFAOYSA-N,acetamide,*c1c(F)cccc1Cl,429.84,2.42,95.6,2,4,4,2,0.238,0.73,5.0,3.5,4.82,True,True,False,False,True,True,True,True,False,True,
78,GLUE2732,O=C1CCC(N2Cc3cccc(NC(=O)Cc4cccc(Cl)c4F)c3C2=O)C(=O)N1,RFUWREHLGZTQRY-UHFFFAOYSA-N,acetamide,*c1cccc(Cl)c1F,429.84,2.42,95.6,2,4,4,2,0.238,0.73,5.0,3.5,4.82,True,True,False,False,True,True,True,True,False,True,
79,GLUE0821,O=C1CCC(N2Cc3cccc(NC(=O)Oc4ccc(F)c(Cl)c4)c3C2=O)C(=O)N1,DQDTYZXJZORAQT-UHFFFAOYSA-N,carbamate,*c1ccc(F)c(Cl)c1,431.81,2.85,104.8,2,5,3,2,0.2,0.727,5.0,3.5,4.32,True,True,False,False,True,True,True,True,False,True,
80,GLUE2431,O=C1CCC(N2Cc3cccc(NC(=O)Oc4c(F)cccc4Cl)c3C2=O)C(=O)N1,FBKKAWLHTMYRMB-UHFFFAOYSA-N,carbamate,*c1c(F)cccc1Cl,431.81,2.85,104.8,2,5,3,2,0.2,0.727,5.0,3.5,4.32,True,True,False,False,True,True,True,True,False,True,
81,GLUE2734,O=C1CCC(N2Cc3cccc(NC(=O)Oc4cccc(Cl)c4F)c3C2=O)C(=O)N1,KBDXDWKYPDEUFH-UHFFFAOYSA-N,carbamate,*c1cccc(Cl)c1F,431.81,2.85,104.8,2,5,3,2,0.2,0.727,5.0,3.5,4.32,True,True,False,False,True,True,True,True,False,True,
82,GLUE0422,O=C1CCC(N2Cc3cccc(NC(=O)Cc4c(F)cc(F)cc4F)c3C2=O)C(=O)N1,UESJHKJOSGNSJN-UHFFFAOYSA-N,acetamide,*c1c(F)cc(F)cc1F,431.37,2.05,95.6,2,4,4,2,0.238,0.725,5.0,3.5,4.8,True,True,False,False,True,True,True,True,False,True,
83,GLUE0424,O=C1CCC(N2Cc3cccc(NC(=O)Oc4c(F)cc(F)cc4F)c3C2=O)C(=O)N1,DBNXUQBBIPPHLQ-UHFFFAOYSA-N,carbamate,*c1c(F)cc(F)cc1F,433.34,2.48,104.8,2,5,3,2,0.2,0.724,5.0,3.5,4.48,True,True,False,False,True,True,True,True,False,True,
84,GLUE1080,O=C1CCC(N2Cc3cccc(NC(=O)c4cccc5c4CCCC5=O)c3C2=O)C(=O)N1,NLJHDYJQVQHXLA-UHFFFAOYSA-N,amide,*c1cccc2c1CCCC2=O,431.45,2.22,112.7,2,5,3,2,0.292,0.724,5.0,3.5,4.23,True,True,False,False,True,True,True,True,False,True,
85,GLUE0460,O=C1CCC(N2Cc3cccc(NC(=O)c4ccc(Br)cc4)c3C2=O)C(=O)N1,KVHBKWKOLJICNE-UHFFFAOYSA-N,amide,*c1ccc(Br)cc1,442.27,2.46,95.6,2,4,3,2,0.2,0.715,5.0,3.5,4.73,True,True,False,False,True,True,True,True,False,True,
86,GLUE1769,N#Cc1ccc(CC(=O)Nc2cccc3c2C(=O)N(C2CCC(=O)NC2=O)C3)cc1Cl,XQTHQPXGQARGHR-UHFFFAOYSA-N,acetamide,*c1ccc(C#N)c(Cl)c1,436.86,2.15,119.4,2,5,4,2,0.227,0.712,5.0,3.5,3.97,True,True,False,False,True,True,True,True,False,True,
87,GLUE2053,N#Cc1cc(Cl)cc(CC(=O)Nc2cccc3c2C(=O)N(C2CCC(=O)NC2=O)C3)c1,IXRNPZSCRHLHDG-UHFFFAOYSA-N,acetamide,*c1cc(Cl)cc(C#N)c1,436.86,2.15,119.4,2,5,4,2,0.227,0.712,5.0,3.5,3.97,True,True,False,False,True,True,True,True,False,True,
88,GLUE0003,O=C1CCC(N2Cc3cccc(NC(=O)Nc4ccccc4)c3C2=O)C(=O)N1,CIPDFIBYKVCCBH-UHFFFAOYSA-N,urea,*c1ccccc1,378.39,2.09,107.6,3,4,3,2,0.2,0.711,5.0,3.5,4.45,True,True,False,False,True,True,True,True,False,True,
89,GLUE0169,O=C1CCC(N2Cc3cccc(NC(=O)Cc4c(Cl)cccc4Cl)c3C2=O)C(=O)N1,OLPSVBGOFQJFGJ-UHFFFAOYSA-N,acetamide,*c1c(Cl)cccc1Cl,446.29,2.94,95.6,2,4,4,2,0.238,0.707,5.0,3.5,4.48,True,True,False,False,True,True,True,True,False,True,
90,GLUE0258,O=C1CCC(N2Cc3cccc(NC(=O)Cc4cccc(Cl)c4Cl)c3C2=O)C(=O)N1,ZVTCZNHDXOUBPK-UHFFFAOYSA-N,acetamide,*c1cccc(Cl)c1Cl,446.29,2.94,95.6,2,4,4,2,0.238,0.707,5.0,3.5,4.48,True,True,False,False,True,True,True,True,False,True,
91,GLUE1430,O=C1CCC(N2Cc3cccc(NC(=O)Cc4cc(Cl)cc(Cl)c4)c3C2=O)C(=O)N1,HOSUYNNUSHEUAJ-UHFFFAOYSA-N,acetamide,*c1cc(Cl)cc(Cl)c1,446.29,2.94,95.6,2,4,4,2,0.238,0.707,5.0,3.5,4.48,True,True,False,False,True,True,True,True,False,True,
92,GLUE2068,O=C1CCC(N2Cc3cccc(NC(=O)Cc4ccc(Cl)c(Cl)c4)c3C2=O)C(=O)N1,OQWQDXFQZGGBKD-UHFFFAOYSA-N,acetamide,*c1ccc(Cl)c(Cl)c1,446.29,2.94,95.6,2,4,4,2,0.238,0.707,5.0,3.5,4.48,True,True,False,False,True,True,True,True,False,True,
93,GLUE2131,O=C1CCC(N2Cc3cccc(NC(=O)Cc4ccc(Cl)cc4Cl)c3C2=O)C(=O)N1,PNUTZMCKBBSZPV-UHFFFAOYSA-N,acetamide,*c1ccc(Cl)cc1Cl,446.29,2.94,95.6,2,4,4,2,0.238,0.707,5.0,3.5,4.48,True,True,False,False,True,True,True,True,False,True,
94,GLUE0140,O=C1CCC(N2Cc3cccc(NC(=O)Nc4cccs4)c3C2=O)C(=O)N1,INJJUIMRAXVBCQ-UHFFFAOYSA-N,urea,*c1cccs1,384.42,2.15,107.6,3,5,3,2,0.222,0.705,5.0,3.5,4.41,True,True,False,False,True,True,True,True,False,True,
95,GLUE1088,O=C1CCC(N2Cc3cccc(NC(=O)Nc4ccsc4)c3C2=O)C(=O)N1,RRNMNONONFJSOR-UHFFFAOYSA-N,urea,*c1ccsc1,384.42,2.15,107.6,3,5,3,2,0.222,0.705,5.0,3.5,4.41,True,True,False,False,True,True,True,True,False,True,
96,GLUE1925,O=C1CCC(N2Cc3cccc(NC(=O)c4ccc5c(c4)OC(F)(F)O5)c3C2=O)C(=O)N1,JFEXYEKKPKGZTJ-UHFFFAOYSA-N,amide,*c1ccc2c(c1)OC(F)(F)O2,443.36,2.02,114.0,2,6,3,2,0.238,0.702,5.0,3.5,4.1,True,True,False,False,True,True,True,True,False,True,
97,GLUE1082,O=C1CCC(N2Cc3cccc(NC(=O)Cc4cccc5c4CCCC5=O)c3C2=O)C(=O)N1,XPPRFXOOHWFKKP-UHFFFAOYSA-N,acetamide,*c1cccc2c1CCCC2=O,445.48,2.15,112.7,2,5,4,2,0.32,0.701,5.0,3.5,4.13,True,True,False,False,True,True,True,True,False,True,
98,GLUE1132,CN1C2CCCC1CC(CC(=O)Nc1cccc3c1C(=O)N(C1CCC(=O)NC1=O)C3)C2,QQWVHDZRBAYRMH-UHFFFAOYSA-N,acetamide,*C1CC2CCCC(C1)N2C,438.53,2.04,98.8,2,5,4,1,0.583,0.701,9.5,3.5,3.9,True,True,False,False,True,True,True,True,False,True,
99,GLUE1041,Cc1cccc(Cl)c1S(=O)(=O)Nc1cccc2c1C(=O)N(C1CCC(=O)NC1=O)C2,INZUYLWPQDGJDO-UHFFFAOYSA-N,sulfonamide,*c1c(C)cccc1Cl,447.9,2.21,112.7,2,5,4,2,0.25,0.698,5.0,3.5,4.12,True,True,False,False,True,True,True,True,False,True,
100,GLUE0234,Cc1ccccc1NC(=O)Nc1cccc2c1C(=O)N(C1CCC(=O)NC1=O)C2,SIYSGUMNJWOJQX-UHFFFAOYSA-N,urea,*c1ccccc1C,392.42,2.4,107.6,3,4,3,2,0.238,0.697,5.0,3.5,4.35,True,True,False,False,True,True,True,True,False,True,
101,GLUE0249,Cc1ccc(NC(=O)Nc2cccc3c2C(=O)N(C2CCC(=O)NC2=O)C3)cc1,FZPZYDCWZWILNT-UHFFFAOYSA-N,urea,*c1ccc(C)cc1,392.42,2.4,107.6,3,4,3,2,0.238,0.697,5.0,3.5,4.35,True,True,False,False,True,True,True,True,False,True,
102,GLUE0695,Cc1cccc(NC(=O)Nc2cccc3c2C(=O)N(C2CCC(=O)NC2=O)C3)c1,XHABMVWQVLBZFU-UHFFFAOYSA-N,urea,*c1cccc(C)c1,392.42,2.4,107.6,3,4,3,2,0.238,0.697,5.0,3.5,4.35,True,True,False,False,True,True,True,True,False,True,
103,GLUE1134,CN1C2CCCC1CC(OC(=O)Nc1cccc3c1C(=O)N(C1CCC(=O)NC1=O)C3)C2,HHQPCFXXEQHWGA-UHFFFAOYSA-N,carbamate,*C1CC2CCCC(C1)N2C,440.5,2.01,108.1,2,6,3,1,0.565,0.696,9.5,3.5,3.57,True,True,False,False,True,True,True,True,False,True,
104,GLUE0057,O=C1CCC(N2Cc3cccc(NC(=O)Nc4ccc(F)cc4)c3C2=O)C(=O)N1,HUMJHMHDGNZTPS-UHFFFAOYSA-N,urea,*c1ccc(F)cc1,396.38,2.23,107.6,3,4,3,2,0.2,0.692,5.0,3.5,4.32,True,True,False,False,True,True,True,True,False,True,
105,GLUE0408,O=C1CCC(N2Cc3cccc(NC(=O)Nc4cccc(F)c4)c3C2=O)C(=O)N1,UGCJBZUIENLYFO-UHFFFAOYSA-N,urea,*c1cccc(F)c1,396.38,2.23,107.6,3,4,3,2,0.2,0.692,5.0,3.5,4.32,True,True,False,False,True,True,True,True,False,True,
106,GLUE0453,O=C1CCC(N2Cc3cccc(NC(=O)Nc4ccccc4F)c3C2=O)C(=O)N1,UEKNOPYSSUCSQG-UHFFFAOYSA-N,urea,*c1ccccc1F,396.38,2.23,107.6,3,4,3,2,0.2,0.692,5.0,3.5,4.32,True,True,False,False,True,True,True,True,False,True,
107,GLUE1188,CC(NC(=O)Nc1cccc2c1C(=O)N(C1CCC(=O)NC1=O)C2)C(C)(C)C,ZYSXWVIWSPKFGR-UHFFFAOYSA-N,urea,*C(C)C(C)(C)C,386.45,2.0,107.6,3,4,3,1,0.5,0.691,5.0,3.5,4.39,True,True,False,False,True,True,True,True,False,True,
108,GLUE0106,Cc1cccc(C)c1NC(=O)Nc1cccc2c1C(=O)N(C1CCC(=O)NC1=O)C2,DZSKQPOPLKZDRW-UHFFFAOYSA-N,urea,*c1c(C)cccc1C,406.44,2.71,107.6,3,4,3,2,0.273,0.681,5.0,3.5,4.14,True,True,False,False,True,True,True,True,False,True,
109,GLUE0428,Cc1ccc(NC(=O)Nc2cccc3c2C(=O)N(C2CCC(=O)NC2=O)C3)c(C)c1,XYDYSZAMHIQDBL-UHFFFAOYSA-N,urea,*c1ccc(C)cc1C,406.44,2.71,107.6,3,4,3,2,0.273,0.681,5.0,3.5,4.14,True,True,False,False,True,True,True,True,False,True,
110,GLUE0600,Cc1cccc(NC(=O)Nc2cccc3c2C(=O)N(C2CCC(=O)NC2=O)C3)c1C,VTLXDKIJPFFJNM-UHFFFAOYSA-N,urea,*c1cccc(C)c1C,406.44,2.71,107.6,3,4,3,2,0.273,0.681,5.0,3.5,4.14,True,True,False,False,True,True,True,True,False,True,
111,GLUE1232,Cc1ccc(NC(=O)Nc2cccc3c2C(=O)N(C2CCC(=O)NC2=O)C3)cc1C,PPOXTDMHAJXWNU-UHFFFAOYSA-N,urea,*c1ccc(C)c(C)c1,406.44,2.71,107.6,3,4,3,2,0.273,0.681,5.0,3.5,4.14,True,True,False,False,True,True,True,True,False,True,
112,GLUE2039,Cc1cc(C)cc(NC(=O)Nc2cccc3c2C(=O)N(C2CCC(=O)NC2=O)C3)c1,WAPYDSSAEVHBRV-UHFFFAOYSA-N,urea,*c1cc(C)cc(C)c1,406.44,2.71,107.6,3,4,3,2,0.273,0.681,5.0,3.5,4.14,True,True,False,False,True,True,True,True,False,True,
113,GLUE2410,Cc1ccc(C)c(NC(=O)Nc2cccc3c2C(=O)N(C2CCC(=O)NC2=O)C3)c1,WUSUYOGKLPFYFG-UHFFFAOYSA-N,urea,*c1cc(C)ccc1C,406.44,2.71,107.6,3,4,3,2,0.273,0.681,5.0,3.5,4.14,True,True,False,False,True,True,True,True,False,True,
114,GLUE0062,O=C1CCC(N2Cc3cccc(NC(=O)Nc4ccc(Cl)cc4)c3C2=O)C(=O)N1,BDRAXWFDYORIRW-UHFFFAOYSA-N,urea,*c1ccc(Cl)cc1,412.83,2.75,107.6,3,4,3,2,0.2,0.673,5.0,3.5,4.08,True,True,False,False,True,True,True,True,False,True,
115,GLUE0126,O=C1CCC(N2Cc3cccc(NC(=O)Nc4ccccc4Cl)c3C2=O)C(=O)N1,HZCMJGNLZOFTHX-UHFFFAOYSA-N,urea,*c1ccccc1Cl,412.83,2.75,107.6,3,4,3,2,0.2,0.673,5.0,3.5,4.08,True,True,False,False,True,True,True,True,False,True,
116,GLUE0338,O=C1CCC(N2Cc3cccc(NC(=O)Nc4cccc(Cl)c4)c3C2=O)C(=O)N1,PAEUVFAQUFRTRO-UHFFFAOYSA-N,urea,*c1cccc(Cl)c1,412.83,2.75,107.6,3,4,3,2,0.2,0.673,5.0,3.5,4.08,True,True,False,False,True,True,True,True,False,True,
117,GLUE0165,O=C1CCC(N2Cc3cccc(NC(=O)Nc4ccc(F)cc4F)c3C2=O)C(=O)N1,MKAFMNGZWXNAPU-UHFFFAOYSA-N,urea,*c1ccc(F)cc1F,414.37,2.37,107.6,3,4,3,2,0.2,0.67,5.0,3.5,4.19,True,True,False,False,True,True,True,True,False,True,
118,GLUE0755,O=C1CCC(N2Cc3cccc(NC(=O)Nc4cc(F)ccc4F)c3C2=O)C(=O)N1,WWCJDEBBRNFDAC-UHFFFAOYSA-N,urea,*c1cc(F)ccc1F,414.37,2.37,107.6,3,4,3,2,0.2,0.67,5.0,3.5,4.19,True,True,False,False,True,True,True,True,False,True,
119,GLUE1436,O=C1CCC(N2Cc3cccc(NC(=O)Nc4c(F)cccc4F)c3C2=O)C(=O)N1,UZICLFSAVKNNSU-UHFFFAOYSA-N,urea,*c1c(F)cccc1F,414.37,2.37,107.6,3,4,3,2,0.2,0.67,5.0,3.5,4.19,True,True,False,False,True,True,True,True,False,True,
120,GLUE1256,O=C1CCC(N2Cc3cccc(NC(=O)Nc4ccc5c(c4)CCC5)c3C2=O)C(=O)N1,CDEYKZYBKBRZSA-UHFFFAOYSA-N,urea,*c1ccc2c(c1)CCC2,418.45,2.58,107.6,3,4,3,2,0.304,0.666,5.0,3.5,4.12,True,True,False,False,True,True,True,True,False,True,
121,GLUE2583,O=C1CCC(N2Cc3cccc(NC(=O)c4cc(Cl)ccc4O)c3C2=O)C(=O)N1,ONBYOGSXTVOOQI-UHFFFAOYSA-N,amide,*c1cc(Cl)ccc1O,413.82,2.06,115.8,3,5,3,2,0.2,0.666,5.0,3.5,3.92,True,True,False,False,True,True,True,True,False,True,
122,GLUE2723,O=C1CCC(N2Cc3cccc(NC(=O)Nc4ccc(Cl)s4)c3C2=O)C(=O)N1,AFKIBHBIEHDLCU-UHFFFAOYSA-N,urea,*c1ccc(Cl)s1,418.86,2.81,107.6,3,5,3,2,0.222,0.666,5.0,3.5,4.01,True,True,False,False,True,True,True,True,False,True,
123,GLUE0622,O=C1CCC(N2Cc3cccc(NC(=O)N[C@@H]4CCc5ccccc54)c3C2=O)C(=O)N1,ZOXGKSIJJGJGSA-PYUWXLGESA-N,amide,*N[C@@H]1CCc2ccccc21,418.45,2.26,107.6,3,4,3,2,0.304,0.665,5.0,3.5,4.16,True,True,False,False,True,True,True,True,False,True,
124,GLUE1251,O=C1CCC(N2Cc3cccc(NC(=O)Nc4ccc5c(c4)CCO5)c3C2=O)C(=O)N1,BJFZJNNOUUYRFY-UHFFFAOYSA-N,urea,*c1ccc2c(c1)CCO2,420.43,2.03,116.8,3,5,3,2,0.273,0.657,5.0,3.5,3.84,True,True,False,False,True,True,True,True,False,True,
125,GLUE1421,O=C1CCC(N2Cc3cccc(NC(=O)Nc4cccc5c4CCO5)c3C2=O)C(=O)N1,XFRHHLZRBBWUMM-UHFFFAOYSA-N,urea,*c1cccc2c1CCO2,420.43,2.03,116.8,3,5,3,2,0.273,0.657,5.0,3.5,3.84,True,True,False,False,True,True,True,True,False,True,
126,GLUE0820,O=C1CCC(N2Cc3cccc(NC(=O)Nc4ccc(F)c(Cl)c4)c3C2=O)C(=O)N1,ZARIHEAWTQHACT-UHFFFAOYSA-N,urea,*c1ccc(F)c(Cl)c1,430.82,2.88,107.6,3,4,3,2,0.2,0.651,5.0,3.5,3.88,True,True,False,False,True,True,True,True,False,True,
127,GLUE2430,O=C1CCC(N2Cc3cccc(NC(=O)Nc4c(F)cccc4Cl)c3C2=O)C(=O)N1,ZVOSYMCSDGGOTB-UHFFFAOYSA-N,urea,*c1c(F)cccc1Cl,430.82,2.88,107.6,3,4,3,2,0.2,0.651,5.0,3.5,3.88,True,True,False,False,True,True,True,True,False,True,
128,GLUE2733,O=C1CCC(N2Cc3cccc(NC(=O)Nc4cccc(Cl)c4F)c3C2=O)C(=O)N1,SQMWYRSETJMONP-UHFFFAOYSA-N,urea,*c1cccc(Cl)c1F,430.82,2.88,107.6,3,4,3,2,0.2,0.651,5.0,3.5,3.88,True,True,False,False,True,True,True,True,False,True,
129,GLUE0423,O=C1CCC(N2Cc3cccc(NC(=O)Nc4c(F)cc(F)cc4F)c3C2=O)C(=O)N1,ZDAKNHNSPCWBFC-UHFFFAOYSA-N,urea,*c1c(F)cc(F)cc1F,432.36,2.51,107.6,3,4,3,2,0.2,0.648,5.0,3.5,4.06,True,True,False,False,True,True,True,True,False,True,
130,GLUE0236,O=C1CCC(N2Cc3cccc(NC(=O)c4cccc5ccccc45)c3C2=O)C(=O)N1,VWGGVYHCNQJVIZ-UHFFFAOYSA-N,amide,*c1cccc2ccccc12,413.43,2.85,95.6,2,4,3,3,0.167,0.646,5.0,3.5,4.76,True,True,False,False,True,True,True,True,False,True,
131,GLUE2114,O=C1CCC(N2Cc3cccc(NC(=O)c4ccc5ccccc5c4)c3C2=O)C(=O)N1,KWLSMLSUKMGNMA-UHFFFAOYSA-N,amide,*c1ccc2ccccc2c1,413.43,2.85,95.6,2,4,3,3,0.167,0.646,5.0,3.5,4.76,True,True,False,False,True,True,True,True,False,True,
132,GLUE0577,Cn1cc(C(=O)Nc2cccc3c2C(=O)N(C2CCC(=O)NC2=O)C3)c2ccccc21,XAKHTOYTKLGDIK-UHFFFAOYSA-N,amide,*c1cn(C)c2ccccc12,416.44,2.19,100.5,2,4,3,3,0.217,0.639,5.0,3.5,4.75,True,True,False,False,True,True,True,True,False,True,
133,GLUE1373,O=C1CCC(N2Cc3cccc(NC(=O)c4ccc5ncccc5c4)c3C2=O)C(=O)N1,IZCOBQMUSJDREN-UHFFFAOYSA-N,amide,*c1ccc2ncccc2c1,414.42,2.25,108.5,2,5,3,3,0.174,0.639,5.0,3.5,4.5,True,True,False,False,True,True,True,True,False,True,
134,GLUE1585,O=C1CCC(N2Cc3cccc(NC(=O)c4ccc5cnccc5c4)c3C2=O)C(=O)N1,QFUPYGIWLYJHDW-UHFFFAOYSA-N,amide,*c1ccc2cnccc2c1,414.42,2.25,108.5,2,5,3,3,0.174,0.639,5.0,3.5,4.5,True,True,False,False,True,True,True,True,False,True,
135,GLUE1159,C[C@H]1NCc2cc(OC(=O)Nc3cccc4c3C(=O)N(C3CCC(=O)NC3=O)C4)ccc21,LEWVODKXLOHCCY-GKOGFXNCSA-N,carbamate,*c1ccc2c(c1)CN[C@@H]2C,434.45,2.22,116.8,3,6,3,2,0.304,0.638,9.0,3.5,3.24,True,True,False,False,True,True,True,True,False,True,
136,GLUE1368,O=C1CCC(N2Cc3cccc(NC(=O)c4cc5ccccc5s4)c3C2=O)C(=O)N1,MMNYMTHXVZKWGF-UHFFFAOYSA-N,amide,*c1cc2ccccc2s1,419.46,2.91,95.6,2,5,3,3,0.182,0.638,5.0,3.5,4.68,True,True,False,False,True,True,True,True,False,True,
137,GLUE1438,O=C1CCC(N2Cc3cccc(NC(=O)c4cccc5sccc45)c3C2=O)C(=O)N1,NYFYNMAMLLPLCH-UHFFFAOYSA-N,amide,*c1cccc2sccc12,419.46,2.91,95.6,2,5,3,3,0.182,0.638,5.0,3.5,4.68,True,True,False,False,True,True,True,True,False,True,
138,GLUE0430,O=C1CCC(N2Cc3cccc(NC(=O)c4nsc5ccccc45)c3C2=O)C(=O)N1,UWXUYCFJDGMGCV-UHFFFAOYSA-N,amide,*c1nsc2ccccc12,420.45,2.31,108.5,2,6,3,3,0.19,0.632,5.0,3.5,4.45,True,True,False,False,True,True,True,True,False,True,
139,GLUE1509,CC1(C)C2CCC(C2)C1(C)NC(=O)Nc1cccc2c1C(=O)N(C1CCC(=O)NC1=O)C2,MTACHWBKFSAOJR-UHFFFAOYSA-N,urea,*C1(C)C2CCC(C2)C1(C)C,438.53,2.78,107.6,3,4,3,1,0.583,0.631,5.0,3.5,3.88,True,True,False,False,True,True,True,True,False,True,
140,GLUE0238,O=C1CCC(N2Cc3cccc(NC(=O)Cc4cccc5ccccc45)c3C2=O)C(=O)N1,PZHORBCJUXAHPL-UHFFFAOYSA-N,acetamide,*c1cccc2ccccc12,427.46,2.78,95.6,2,4,4,3,0.2,0.626,5.0,3.5,4.69,True,True,False,False,True,True,True,True,False,True,
141,GLUE2116,O=C1CCC(N2Cc3cccc(NC(=O)Cc4ccc5ccccc5c4)c3C2=O)C(=O)N1,BDNUXFDKRJMNDS-UHFFFAOYSA-N,acetamide,*c1ccc2ccccc2c1,427.46,2.78,95.6,2,4,4,3,0.2,0.626,5.0,3.5,4.69,True,True,False,False,True,True,True,True,False,True,
142,GLUE1657,O=C1CCC(N2Cc3cccc(NC(=O)C[C@H]4CCc5c(O)cccc5C4)c3C2=O)C(=O)N1,OOSQUFNOJYHDNC-KTQQKIMGSA-N,acetamide,*[C@H]1CCc2c(O)cccc2C1,447.49,2.29,115.8,3,5,4,2,0.36,0.622,5.0,3.5,3.68,True,True,False,False,True,True,True,True,False,True,
143,GLUE0579,Cn1cc(CC(=O)Nc2cccc3c2C(=O)N(C2CCC(=O)NC2=O)C3)c2ccccc21,RFZFCJNPGXOWFI-UHFFFAOYSA-N,acetamide,*c1cn(C)c2ccccc12,430.46,2.12,100.5,2,4,4,3,0.25,0.619,5.0,3.5,4.65,True,True,False,False,True,True,True,True,False,True,
144,GLUE1370,O=C1CCC(N2Cc3cccc(NC(=O)Cc4cc5ccccc5s4)c3C2=O)C(=O)N1,LCUXVZQJZGCDHP-UHFFFAOYSA-N,acetamide,*c1cc2ccccc2s1,433.49,2.84,95.6,2,5,4,3,0.217,0.619,5.0,3.5,4.62,True,True,False,False,True,True,True,True,False,True,
145,GLUE1375,O=C1CCC(N2Cc3cccc(NC(=O)Cc4ccc5ncccc5c4)c3C2=O)C(=O)N1,CSQAHHHQGJCGCZ-UHFFFAOYSA-N,acetamide,*c1ccc2ncccc2c1,428.45,2.18,108.5,2,5,4,3,0.208,0.619,5.0,3.5,4.4,True,True,False,False,True,True,True,True,False,True,
146,GLUE1440,O=C1CCC(N2Cc3cccc(NC(=O)Cc4cccc5sccc45)c3C2=O)C(=O)N1,AHMBDENVBYUYQG-UHFFFAOYSA-N,acetamide,*c1cccc2sccc12,433.49,2.84,95.6,2,5,4,3,0.217,0.619,5.0,3.5,4.62,True,True,False,False,True,True,True,True,False,True,
147,GLUE1587,O=C1CCC(N2Cc3cccc(NC(=O)Cc4ccc5cnccc5c4)c3C2=O)C(=O)N1,UWGUNCCPGZROTD-UHFFFAOYSA-N,acetamide,*c1ccc2cnccc2c1,428.45,2.18,108.5,2,5,4,3,0.208,0.619,5.0,3.5,4.4,True,True,False,False,True,True,True,True,False,True,
148,GLUE0581,Cn1cc(OC(=O)Nc2cccc3c2C(=O)N(C2CCC(=O)NC2=O)C3)c2ccccc21,UEVMYFUEAKXJGQ-UHFFFAOYSA-N,carbamate,*c1cn(C)c2ccccc12,432.44,2.55,109.7,2,5,3,3,0.217,0.618,5.0,3.5,4.3,True,True,False,False,True,True,True,True,False,True,
149,GLUE1377,O=C1CCC(N2Cc3cccc(NC(=O)Oc4ccc5ncccc5c4)c3C2=O)C(=O)N1,NPFODRHDSAKVKL-UHFFFAOYSA-N,carbamate,*c1ccc2ncccc2c1,430.42,2.61,117.7,2,6,3,3,0.174,0.617,5.0,3.5,4.02,True,True,False,False,True,True,True,True,False,True,
150,GLUE1589,O=C1CCC(N2Cc3cccc(NC(=O)Oc4ccc5cnccc5c4)c3C2=O)C(=O)N1,JQONGJGHCZBWSR-UHFFFAOYSA-N,carbamate,*c1ccc2cnccc2c1,430.42,2.61,117.7,2,6,3,3,0.174,0.617,5.0,3.5,4.02,True,True,False,False,True,True,True,True,False,True,
151,GLUE0432,O=C1CCC(N2Cc3cccc(NC(=O)Cc4nsc5ccccc45)c3C2=O)C(=O)N1,KHSGAVISBYJSPU-UHFFFAOYSA-N,acetamide,*c1nsc2ccccc12,434.48,2.24,108.5,2,6,4,3,0.227,0.612,5.0,3.5,4.35,True,True,False,False,True,True,True,True,False,True,
152,GLUE0434,O=C1CCC(N2Cc3cccc(NC(=O)Oc4nsc5ccccc45)c3C2=O)C(=O)N1,MBNBTIFAQPLSEJ-UHFFFAOYSA-N,carbamate,*c1nsc2ccccc12,436.45,2.67,117.7,2,7,3,3,0.19,0.61,5.0,3.5,3.95,True,True,False,False,True,True,True,True,False,True,
153,GLUE1412,C#Cc1cccc(OC(=O)Nc2cccc3c2C(=O)N(C2CCC(=O)NC2=O)C3)c1,QABLCPUJRYYWEV-UHFFFAOYSA-N,carbamate,*c1cccc(C#C)c1,403.39,2.04,104.8,2,5,3,2,0.182,0.603,5.0,3.5,4.7,True,True,False,False,True,True,True,True,False,True,
154,GLUE0311,O=C1CCC(N2Cc3cccc(NC(=O)c4ccnc5cc(Cl)ccc45)c3C2=O)C(=O)N1,UQUZNKWQLFQJBI-UHFFFAOYSA-N,amide,*c1ccnc2cc(Cl)ccc12,448.87,2.9,108.5,2,5,3,3,0.174,0.599,5.0,3.5,4.05,True,True,False,False,True,True,True,True,False,True,
155,GLUE0237,O=C1CCC(N2Cc3cccc(NS(=O)(=O)c4cccc5ccccc45)c3C2=O)C(=O)N1,JSMMRAGLPBVOBQ-UHFFFAOYSA-N,sulfonamide,*c1cccc2ccccc12,449.49,2.4,112.7,2,5,4,3,0.174,0.594,5.0,3.5,4.11,True,True,False,False,True,True,True,True,False,True,
156,GLUE2115,O=C1CCC(N2Cc3cccc(NS(=O)(=O)c4ccc5ccccc5c4)c3C2=O)C(=O)N1,SGUBUHLMMDOMLH-UHFFFAOYSA-N,sulfonamide,*c1ccc2ccccc2c1,449.49,2.4,112.7,2,5,4,3,0.174,0.594,5.0,3.5,4.11,True,True,False,False,True,True,True,True,False,True,
157,GLUE1152,C#CC1(CC(=O)Nc2cccc3c2C(=O)N(C2CCC(=O)NC2=O)C3)CCCCC1,VGWLRIFZBDQFHZ-UHFFFAOYSA-N,acetamide,*C1(C#C)CCCCC1,407.47,2.36,95.6,2,4,4,1,0.478,0.592,5.0,3.5,4.97,True,True,False,False,True,True,True,True,False,True,
158,GLUE0410,O=C1CCC(N2Cc3cccc(NC(=O)c4cc(F)c(F)cc4F)c3C2=O)C(=O)N1,KXCDQHWGXKKMRK-UHFFFAOYSA-N,amide,*c1cc(F)c(F)cc1F,417.34,2.12,95.6,2,4,3,2,0.2,0.591,5.0,3.5,4.9,True,True,False,False,True,True,True,True,False,True,
159,GLUE1154,C#CC1(OC(=O)Nc2cccc3c2C(=O)N(C2CCC(=O)NC2=O)C3)CCCCC1,VKLMVWUIKZRPPV-UHFFFAOYSA-N,carbamate,*C1(C#C)CCCCC1,409.44,2.33,104.8,2,5,3,1,0.455,0.589,5.0,3.5,4.65,True,True,False,False,True,True,True,True,False,True,
160,GLUE0858,CCCCCOC(=O)Nc1cccc2c1C(=O)N(C1CCC(=O)NC1=O)C2,CKHIZYUSUZNILC-UHFFFAOYSA-N,carbamate,*CCCCC,373.41,2.19,104.8,2,5,6,1,0.474,0.587,5.0,3.5,4.91,True,True,False,False,True,True,True,True,False,True,
161,GLUE1791,O=C1CCC(N2Cc3cccc(NC(=O)Oc4cccc(Cl)n4)c3C2=O)C(=O)N1,AOZHJVXJLBWQKZ-UHFFFAOYSA-N,carbamate,*c1cccc(Cl)n1,414.81,2.11,117.7,2,6,3,2,0.211,0.586,5.0,3.5,4.19,True,True,False,False,True,True,True,True,False,True,
162,GLUE0455,O=C1CCC(N2Cc3cccc(NC(=O)c4c[nH]c5ccccc45)c3C2=O)C(=O)N1,NVAHBRDXKQUJLD-UHFFFAOYSA-N,amide,*c1c[nH]c2ccccc12,402.41,2.18,111.4,3,4,3,3,0.182,0.583,5.0,3.5,4.15,True,True,False,False,True,True,True,True,False,True,
163,GLUE2243,O=C1CCC(N2Cc3cccc(NC(=O)c4cccc5[nH]ccc45)c3C2=O)C(=O)N1,JXXGIUMOUNGCRR-UHFFFAOYSA-N,amide,*c1cccc2[nH]ccc12,402.41,2.18,111.4,3,4,3,3,0.182,0.583,5.0,3.5,4.15,True,True,False,False,True,True,True,True,False,True,
164,GLUE0777,O=C1CCC(N2Cc3cccc(NC(=O)CC(Cl)(Cl)Cl)c3C2=O)C(=O)N1,YFZSZDNSJXTJGD-UHFFFAOYSA-N,amide,*CC(Cl)(Cl)Cl,418.66,2.15,95.6,2,4,3,1,0.375,0.581,5.0,3.5,4.89,True,True,False,False,True,True,True,True,False,True,
165,GLUE2322,O=C1CCC(N2Cc3cccc(NC(=O)OC(Cl)C(F)(F)F)c3C2=O)C(=O)N1,BUJTZZXRWGRZFY-UHFFFAOYSA-N,carbamate,*C(Cl)C(F)(F)F,419.74,2.12,104.8,2,5,3,1,0.375,0.577,5.0,3.5,4.58,True,True,False,False,True,True,True,True,False,True,
166,GLUE2327,O=C1CCC(N2Cc3cccc(NC(=O)OC(F)(F)C(F)Cl)c3C2=O)C(=O)N1,YVPBKXGVHODQHW-UHFFFAOYSA-N,carbamate,*C(F)(F)C(F)Cl,419.74,2.12,104.8,2,5,4,1,0.375,0.574,5.0,3.5,4.58,True,True,False,False,True,True,True,True,False,True,
167,GLUE0412,O=C1CCC(N2Cc3cccc(NC(=O)Cc4cc(F)c(F)cc4F)c3C2=O)C(=O)N1,PCGOZRGYKKZABV-UHFFFAOYSA-N,acetamide,*c1cc(F)c(F)cc1F,431.37,2.05,95.6,2,4,4,2,0.238,0.572,5.0,3.5,4.8,True,True,False,False,True,True,True,True,False,True,
168,GLUE0414,O=C1CCC(N2Cc3cccc(NC(=O)Oc4cc(F)c(F)cc4F)c3C2=O)C(=O)N1,SMBDPGUMXMZBHX-UHFFFAOYSA-N,carbamate,*c1cc(F)c(F)cc1F,433.34,2.48,104.8,2,5,3,2,0.2,0.572,5.0,3.5,4.48,True,True,False,False,True,True,True,True,False,True,
169,GLUE0903,Cc1[nH]c2ccccc2c1C(=O)Nc1cccc2c1C(=O)N(C1CCC(=O)NC1=O)C2,JBACFRZMRZDQMI-UHFFFAOYSA-N,amide,*c1c(C)[nH]c2ccccc12,416.44,2.49,111.4,3,4,3,3,0.217,0.57,5.0,3.5,4.05,True,True,False,False,True,True,True,True,False,True,
170,GLUE0722,CCCCCCC(=O)Nc1cccc2c1C(=O)N(C1CCC(=O)NC1=O)C2,JQONWMFUTRBHGZ-UHFFFAOYSA-N,amide,*CCCCCC,371.44,2.36,95.6,2,4,7,1,0.5,0.568,5.0,3.5,5.23,True,True,False,False,True,True,True,True,False,True,
171,GLUE0457,O=C1CCC(N2Cc3cccc(NC(=O)Cc4c[nH]c5ccccc45)c3C2=O)C(=O)N1,JEXMOGLNDNDUBH-UHFFFAOYSA-N,acetamide,*c1c[nH]c2ccccc12,416.44,2.11,111.4,3,4,4,3,0.217,0.566,5.0,3.5,4.05,True,True,False,False,True,True,True,True,False,True,
172,GLUE2245,O=C1CCC(N2Cc3cccc(NC(=O)Cc4cccc5[nH]ccc45)c3C2=O)C(=O)N1,HIZQYUOPDLJCAC-UHFFFAOYSA-N,acetamide,*c1cccc2[nH]ccc12,416.44,2.11,111.4,3,4,4,3,0.217,0.566,5.0,3.5,4.05,True,True,False,False,True,True,True,True,False,True,
173,GLUE0779,O=C1CCC(N2Cc3cccc(NC(=O)CCC(Cl)(Cl)Cl)c3C2=O)C(=O)N1,IBVDOSFTTDFYMJ-UHFFFAOYSA-N,acetamide,*CC(Cl)(Cl)Cl,432.69,2.54,95.6,2,4,4,1,0.412,0.564,5.0,3.5,4.78,True,True,False,False,True,True,True,True,False,True,
174,GLUE0781,O=C1CCC(N2Cc3cccc(NC(=O)OCC(Cl)(Cl)Cl)c3C2=O)C(=O)N1,KFSFANYVQPWBAZ-UHFFFAOYSA-N,carbamate,*CC(Cl)(Cl)Cl,434.66,2.37,104.8,2,5,3,1,0.375,0.561,5.0,3.5,4.47,True,True,False,False,True,True,True,True,False,True,
175,GLUE2348,O=C1CCC(N2Cc3cccc(NC(=O)C(C(F)(F)F)C(F)(F)F)c3C2=O)C(=O)N1,BEMCURCMXBYMFV-UHFFFAOYSA-N,amide,*C(C(F)(F)F)C(F)(F)F,437.3,2.13,95.6,2,4,3,1,0.412,0.56,5.0,3.5,4.76,True,True,False,False,True,True,True,True,False,True,
176,GLUE2332,O=C1CCC(N2Cc3cccc(NC(=O)OC(F)(F)C(Cl)Cl)c3C2=O)C(=O)N1,NSOYFXMKLCLDRO-UHFFFAOYSA-N,carbamate,*C(F)(F)C(Cl)Cl,436.2,2.39,104.8,2,5,4,1,0.375,0.557,5.0,3.5,4.46,True,True,False,False,True,True,True,True,False,True,
177,GLUE0580,Cn1cc(NC(=O)Nc2cccc3c2C(=O)N(C2CCC(=O)NC2=O)C3)c2ccccc21,DMTKPUGCBAXVRZ-UHFFFAOYSA-N,urea,*c1cn(C)c2ccccc12,431.45,2.58,112.5,3,4,3,3,0.217,0.553,5.0,3.5,3.86,True,True,False,False,True,True,True,True,False,True,
178,GLUE0726,CCCCCCOC(=O)Nc1cccc2c1C(=O)N(C1CCC(=O)NC1=O)C2,NDPCBTLWTZBXIS-UHFFFAOYSA-N,carbamate,*CCCCCC,387.44,2.58,104.8,2,5,7,1,0.5,0.553,5.0,3.5,4.77,True,True,False,False,True,True,True,True,False,True,
179,GLUE2330,O=C1CCC(N2Cc3cccc(NC(=O)CC(F)(F)C(Cl)Cl)c3C2=O)C(=O)N1,QPCORXNDAADCGS-UHFFFAOYSA-N,acetamide,*C(F)(F)C(Cl)Cl,434.23,2.22,95.6,2,4,5,1,0.412,0.549,5.0,3.5,4.78,True,True,False,False,True,True,True,True,False,True,
180,GLUE1411,C#Cc1cccc(NC(=O)Nc2cccc3c2C(=O)N(C2CCC(=O)NC2=O)C3)c1,DSVUWNKECLULLY-UHFFFAOYSA-N,urea,*c1cccc(C#C)c1,402.41,2.07,107.6,3,4,3,2,0.182,0.54,5.0,3.5,4.28,True,True,False,False,True,True,True,True,False,True,
181,GLUE0724,CCCCCCCC(=O)Nc1cccc2c1C(=O)N(C1CCC(=O)NC1=O)C2,CNJXVYKUVIDBCW-UHFFFAOYSA-N,acetamide,*CCCCCC,385.46,2.75,95.6,2,4,8,1,0.524,0.531,5.0,3.5,5.01,True,True,False,False,True,True,True,True,False,True,
182,GLUE0413,O=C1CCC(N2Cc3cccc(NC(=O)Nc4cc(F)c(F)cc4F)c3C2=O)C(=O)N1,VASIKHLVIBHLST-UHFFFAOYSA-N,urea,*c1cc(F)c(F)cc1F,432.36,2.51,107.6,3,4,3,2,0.2,0.512,5.0,3.5,4.06,True,True,False,False,True,True,True,True,False,True,
183,GLUE0626,O=C1CCC(N2Cc3cccc(NC(=O)ON[C@@H]4CCc5ccccc54)c3C2=O)C(=O)N1,UIYSSCWDFLHPGY-PYUWXLGESA-N,carbamate,*N[C@@H]1CCc2ccccc21,434.45,2.19,116.8,3,6,4,2,0.304,0.502,9.0,3.5,3.24,True,True,False,False,True,True,True,True,False,True,
184,GLUE0725,CCCCCCNC(=O)Nc1cccc2c1C(=O)N(C1CCC(=O)NC1=O)C2,AAGNIUQAEXSPPI-UHFFFAOYSA-N,urea,*CCCCCC,386.45,2.15,107.6,3,4,7,1,0.5,0.493,5.0,3.5,4.39,True,True,False,False,True,True,True,True,False,True,
